insert into SYS_ROLE (ID, NAME) values (6, 'F68HROM0 AA29X8LNK04FTFT0 3 F4NG');

insert into SYS_ROLE (ID, NAME) values (4, 'AGHPWHN2CCT03L5TL5IVDFC8BBFIFGT7');

insert into SYS_ROLE (ID, NAME) values (2, 'T 8I6966W48X7YCBCP3KU0EWPVVGX24U');

insert into SYS_ROLE (ID, NAME) values (7, 'VC1G5U1692MQY8BXHOLTBJ 0 ECCOU2 ');

insert into SYS_ROLE (ID, NAME) values (9, 'SW354B5GFARHLYN41AMB39M6DHFNEYEU');

insert into SYS_ROLE (ID, NAME) values (5, '9RA9G2N VR07703SEKBOFOYMIHCYNWX4');

insert into SYS_ROLE (ID, NAME) values (1, 'EV4HASR8F8HXWGMFEBJMGLV3GG UYEN2');

insert into SYS_ROLE (ID, NAME) values (8, 'QUTIQEW6C5VSLPA184TV94CUODVXOHQG');

insert into SYS_ROLE (ID, NAME) values (3, '6854T4OE8VIX5FB6JC97SMJP V8T6IIK');

insert into SYS_ROLE (ID, NAME) values (0, '29M3GHSW7GIGCK4XE4RFXPQYOFX8O0F9');

insert into SYS_ROLE_RIGHT (ROLE_ID, RIGHT_ID) values (3, 5);

insert into SYS_ROLE_RIGHT (ROLE_ID, RIGHT_ID) values (0, 2);

insert into SYS_ROLE_RIGHT (ROLE_ID, RIGHT_ID) values (7, 4);

insert into SYS_ROLE_RIGHT (ROLE_ID, RIGHT_ID) values (2, 6);

insert into SYS_ROLE_RIGHT (ROLE_ID, RIGHT_ID) values (6, 7);

insert into SYS_ROLE_RIGHT (ROLE_ID, RIGHT_ID) values (1, 0);

insert into SYS_ROLE_RIGHT (ROLE_ID, RIGHT_ID) values (4, 1);

insert into SYS_ROLE_RIGHT (ROLE_ID, RIGHT_ID) values (8, 9);

insert into SYS_ROLE_RIGHT (ROLE_ID, RIGHT_ID) values (9, 3);

insert into SYS_ROLE_RIGHT (ROLE_ID, RIGHT_ID) values (5, 8);

insert into SYS_RIGHTS (ID, NAME) values (5, '2L3QK8QMV3JHVGE5V97BB902OA4QK15X9TIABNBGLEIFLPTDEQFPK DL0DSPY5KJL2QK7AHC0 FC9VCGF2NHQNO9HKGK3RXPYP142WX9CHKK QXYPHF4M77AIX86MB6QTUAGKOKT6CVHVDMW9 06VYFKV9XG0JJFWD32DYH2KS JU4NWLDA71F DT8YCQF97EXOK HUMWS47TLD2M6TRNEPNX5ET36TVY0VKU52M049XKPB2MSSJ00HQ980VCESW');

insert into SYS_RIGHTS (ID, NAME) values (2, 'JVAO98NQ4DX9SO71BA34HMGM9F8KLV 6KG2LI896VVDR1WVPTN988XWQQF3YWRA9UN20P SOAPH U7BCMHFKCU64XSA48ET3M TNYK6IVTTKLKOPPBHVVLW9IR88GHS8HTGA5CLGFVK6MBA3CEUYOPSAJGXEA LRIBTP7XCU9CLF51MCBRQLM PQIP3VG4SA5EDQWAWK GE2AMAUQ6XNEFQQ841TID3X7S87VMV P95U274H6BV0OG1 06RJXLCC');

insert into SYS_RIGHTS (ID, NAME) values (3, 'YX72RG11XKPIF9 OLHOJYO NJ2XA4TKQ14Q70HC5HXIV7G1ECW46Q03FWPUEEFXUKFXJ1TUDPRQR6TH56HOWAM0LLXI8X2SX NI36ST5A651 NSYBXCQY1KYI8H4UNLS6EXVL0NKB48M6GGDBSXNU QS Y3J4C0PF38WFDW7BC1F949G6BTR2HOXP79WQPTKEW5AP1958AEDKR1V9K14KWNSTULNIF0Q8R14CIN2C9OIESTQEECV8S49TKBC5LN5');

insert into SYS_RIGHTS (ID, NAME) values (9, 'FF I6I14EA0UXVUQSG16V1ORNTCIAI18VFNOY1N1K92EA E225765V3AOU8OITMYW1ESCET0CQ99FD1I8NH5PNACMM7H9EXV8C83V8 UO6OKALECOX7A15CYNX4IWEP  8SU1CVTYQYHOF9CARDWJDGOBEJHNAVWPBFB5X9RXDG4B NUANNAJL0MLCM2QSFNC13VID30RU9QTNOQCXBS9DLETX7 8XNY7LGVBEII1OYKP1LEFPCSULU5T0T 3 UX');

insert into SYS_RIGHTS (ID, NAME) values (4, '3 RNN0SOQ6XVG4WS3UCOCDOMQDKU7KK96 YOHHCF8F5YD34C50LVO32 6FBEFJG7Y3NEQDR9BB85PH22VM WQI6 5GIIE CJGP396HT77GHTN1MHXX567KBX1J90RD9I2W7TKYESHBVC8VUMFXBBUI0MOFDV0DBXILKKI7J463 6F9 4UEDT5VVF8S80K0S71FE5HVHSQT3S5VD32XVAMIO7DY0DSI678WK3 XLYX74M4LK5ET0CNIDC45D0WG2B');

insert into SYS_RIGHTS (ID, NAME) values (6, '37L4BMD9 UM82MAHK8ONI83TWASX0M8H1EQUPHIXL3V6KFBTO2EVED22J49776L8V8RYBBVPR2Q04RPE81CRGUQ4A4KXFH8ITC8887FUYMQC5ML 5KB2MWNHTM19J6EXI2AEDHC50H4VYDBWTYUIV1K85NPBAAGH KSALUWY74P8RKBYW72Y00C S4ACC  UOQ5OQ6K37R14P38JL5S7QY0TMM3IBTO3FAIGFQ  3F9BR3UKGEG6Q6TFVL43OKEX');

insert into SYS_RIGHTS (ID, NAME) values (7, 'JQPI9YXJCX7KY14GEA7QHB2 882ETA5IMB4RQOB8TVDO1M35T0STGAA8UI6P0E4MQ3W49W80UMWHUT35GHNF0A5D57HEIHNHEWSM3 XF3BKU YGHIHUIESH82TKUDH7VGD69IITIOWTO0KSQLF44TJ84WPPGMMG57U52LGFU52SVFITXMOXC9MKVE VO7C55CJG4DXHJDC7ELXER2987SARVNIMYYGA9XEFJSEV9P J9S6KBN1TW87A06 7ULY D');

insert into SYS_RIGHTS (ID, NAME) values (8, 'J65HNML4V2TH6YIBNM1JD7PRXTKUQ7H 0D92PMVW ES3W9LXNFVBYGT1897JYT70PA6IMP SMMV7YBBYNN0GJFIEVBEJQNR0C U2YGGJP52W7OBM49T6OUVUYSYFDWU01DY 5QYHM53DH4FRV09SQP5X28HW60EKB2UKLO9G3KBQIRLP4F0L1AOS503NAPFS5IG4JPCSB6Q8X  BJUCXU610L9OET16BVVF06LCDVI139FU 6D7597WR6XQWQ9YB');

insert into SYS_RIGHTS (ID, NAME) values (0, 'FXDO4DUHMSETTQ46 4X0F4PV3356H8CVT 9XE0ABJU4OJTG7BGIG71YGHD4B2MC8 13I7PN67 AWXLNYMDYK2J6WTDCIW1RSEXNDUT5KDEPCNB3G2KED837  LI53F2BY8BJJY6K3YUXALD99JIVVG20CETMOYX5YD71D ARWGSK986H5LR43OUSJV9CK6342J  D487QBA8YDEQ6S47T1URQWEULSKLDN2GITULVUTVOE253YDA 6ITH5ILHUGJ');

insert into SYS_RIGHTS (ID, NAME) values (1, 'EHHMKT6334EJL1EE5QUHC GCN2G4WP D2IYLB4DDIXSAT7PQXJK LKGDNWU1DYM2O2SMF2TPOYE6C7IVHK70CFDE5MUWCIX5Y80WE7YUJJ8C2JG27R4T49CED2DC7INM0VAQQFH2GX0YS0D6XW9OB3K0USX27FO4FLXETV6951349P7HXIBW96EAJ5PPH 2O3UW7VY0PUMH4314WTXLU55GUTAK1660 EUVI3E3D37U5TNDTN70T6SCVG3 R8CV5');

insert into FPC_PLAYEVENT (ID, MID, STIME, ETIME, FPC_ID) values ('CJ5R2NDXX CHD6AER0AL8A82A YTCXR 1JS6VYGC61Y1WFPRLE8N9PRSKUJF 3LH6YYSK3EX8LORS8K6X95UYRD6YDA03JEOJP0WL3DMO1GXDRS7FPWQXV2KIMBMSAE4R4EAPT5A02FCGVYDQ4JD79GG7WSVJ4HCGOSA6T4WOQXD98A9C7AF6XR8VW4V7K7Y27YULIFF08EWCBNGQWJ PMXGCHT850RK UTA 1TV84GDQCKL7HRQ0XJKAUL71L2U', '7FWJLYS4WPWWSGPKQX0EJHC33DBJG2R2F19CKM0EN0TMO3QWAAIE45DL5KVCEPXDO9HDEBJMYFTG0XB B8OFOIADH  XC4JYITNN8T8E76OGYT428L3SKRUJVDH533K2AP QLQNFLP860FHHEJMBLUC91VBBW6O1D9WQHDYDDQLP57CI4I8DVIUSLVNCEM57Y0WA9W0 K9XPPBCKK70U0A0C4 RKMKYW7TPIP7A 7MLCFRS TL86 I57052Y2WPK', '113-7-18 17:40:23', '977-9-16 4:53:54', 'ILUXXQYLIM0BHD0P3U2JV15TFNR189TBNX479OUOIHT4IYDLJ92OGNYU UFK45JH8 XJF 5BUE1V1W 4FH0QYF7AUE9VMAGH90WAQ1WJO985MXV59DNTEPA73BFTFQHRNHU9T TE0A425HVOE1UI4JBPOY7SPE8QA5QWUUA0RVK9YVDO4WLY RYWIW1OX YYT2M19ADISTLWS5G6LN5V51KYC1IY2VJXYKU70WQ3T4EPQ6V8Y8TG8P72XIFJFCJ9');

insert into FPC_PLAYEVENT (ID, MID, STIME, ETIME, FPC_ID) values ('IXJLSEN9H9UOUCAD0FOWP6U7AG9F 6KHT4B8U91PSPHCG4LGAL57VHOVU2V7IHI50FM7E6O85XICU92L304WXRM8EPJ9K PN40 13FX1EI38L4SKF2RTQPVX8OLYHWMQ2E6S03T8BGO3RUM53FD9KQANKLI2YBG7MD12M021J SJSC26X F335D1JBX061YXK1M RU OOM4NIC7IK JPDXBW5 LONMLRIP57Q LE75K56BT0MXI0VWX0D2HHEHIL', '5T53 0Y74D4AHAM7V DA689NMM6YK8ONQFAAPTUF6D6SFIEOMWYPDBY17VTKF2SLSB8UVTEI0RLL9PFWV7SESGKQWOYC9LNW3HB1V4QBAYD0C MCC0QY0203T4LA7SH2B62OIJNSINNUH9HLNOUG2DXLVJ00RI6P0Y230NKU2VPGT7B7AXCGDBKOYJJNR8AEOM460ULHBT0P09YSQPM6RQVTV1PTJD1QN96CIAGPH3710PY A968F6DJA88QT19E', '1054-10-4 8:19:20', '1085-2-27 4:21:54', '88RBEWQYI2BWEJ X6W3FA1IETSNYSE6J2 0X5GDAFAU8ONTD68N3PYU8ILB8ATCDV A1EDBE MM1YP4PRYB9C86VHWLYH6KFVOI9NBWJM7G40N83N818FD6K01W6CT0E8TPNWP33JHAUY85RHF WLQ5QCKRK8XJ02E4WGQHCY5A4F0LYR5DOWD0NKCW9XDM1CQ242EFR 8PCD8TYYEOGT7FTSH4YNUG9YD31XITPJYYH61V1DCIQ7VNLWDHVXVSG');

insert into FPC_PLAYEVENT (ID, MID, STIME, ETIME, FPC_ID) values ('Y0YW7MJHJN46HJELKJ8HJOP419OEQRGEFVJUAS49XGYIH219SWS4LLS2XKFWFFV37IL8G6A2M9EEMPGYMCHESSXRMA51O5UPLCXVMDQBOYYMT32OAHNF79M2RYDC1H39Q7J23PND6R9HBM IV7WPCN XRFVXJP1TP2IOL91O 44VTHWIEQWE5IQA0TIFJVPHH9728XHRYUG6GL7STGJ5Y3C5TJBXVSUCXF04JC73TYF9PPXHY7U3GFUICAG5P5SK', 'AACIY LIQI D9IIH73PU1YBESK 3O5J2QCV66K0026C8KIGXN11QM7L WTW4NC F4D6CGMHAHGBL59B3N567NTSX006MP6HAFLVIEFDHT25 N49R7T90 H1TFF4V3THDLJMR21OQUW9I392O4OLJUO9EEP7QMD5IF CO B38796QWL8O8OOLXNXC1P2KEMBJN03EYW 8JLMU UXN6 2LAE7ECJHA05DCWY1L97BY9RFGJGVGK5LGFRYBAPEADCIT', '515-3-27 17:26:17', '1-1-1 0:0:0', 'P7UULJ9NLWN1NACJAIMIBTLHRS5QTP6JAC6D0V11XXJ0YMKTVOV9U9U 6MEVOCNCB73ULM1G83HXRHHA5WE3V7OMQ6R1CN2SAJO34NUE6ULW12OD4ICKVGYY2 UN07TTNAAHROOF7U1J6DFJN55SQJ8KNUGJBF EQQDX43E7T28Y27N9IQBGSTQ2TWI39FDKQFIS77LBCPNUW3Y1EFKPPFB5WH5BB8BBU6H1G EG C0FBEJHXOP9NAIG2AMMAIXQ');

insert into FPC_PLAYEVENT (ID, MID, STIME, ETIME, FPC_ID) values ('VEJBG0378RAMHCRQKX0 SE FP1ABOCJD DLMB5SNPXF73T3S9YC0JM60V0C5TJUXVS1IVQF2QAHJA6VUNVDYMHFCRQ8XIQYH1D 19LW2N14N5BS65JQ4E5GM72TGMOXCW4NR19RBPMB49V53537DNMMYW113EVETSBES756H4S12J9YWW0S0IMYLH21OGOM8WJSP4C0BYJJ2COTYMYMXKO3RHT3MV6MYENIPJSQK566DF50NDXXMU4DQB6MU38YE', 'QFKFNFSPTSMS8QJ0VV6M8ANXQVVKVEGWKD5M5KOTH1EJ5P1AIAV3 DE1D37L97MJS0HG9CYMH721R849SO EE71JWLSEQI5RMRDOXC8HV540XW6XXNUKKN0BVY6JVTQL8ESMEVUUQ37SY3BC 516 GEAR134NES1P W4G0N4XI48J08K2CBDM3 FXYFQHCC91T K6PASC7TQRMBQ1NHQRW6QO47J5H5D2HGU3J0DN6F74MM RUMH4V2666L8VFJH', '869-12-17 1:34:16', '530-6-1 22:32:4', '3375N9PBWQ4ED8A4JAQD31HQG8C1GSWYEKS40L M6002IHRLP9UT 82P1LV2GDM1OAGJ7CF5QIS7KU5JPWCVN2R6RTXTCB37N7LF7PUPHVT5TSBNSTOFTKPXEQGULH1L0JQEIJP261IQYJSL1VISNLPUQEFB2IRHCSMLYK55H8IE04Q5H8LXPP8QC62U1TA44S2OSA T XK1IEY33BV7XAEKTOQN7LARQL5UO LY7WO4AVY7QVGMOJY8LTYFMU0Q');

insert into FPC_PLAYEVENT (ID, MID, STIME, ETIME, FPC_ID) values ('CRGGN6I0N9HLXEIE485YN0SSDE9U IY0MAK72Y6I8O30F0WNTDWHU8 BU QKSHH94Y2ORG5UMKUDXBFX97W6LF8NYP K8B6LLO965NLXEBR RE0O4V3LH1H6PM0WC29LOSMI1E9O2NXMQ58H1QGUL9DB4234NGMS0RR0MBM13KPO1ABXJHAIA45K0OLE14TS0GJJKRQYSBI0A94L22WQEDQD8D1DTD182 TKUWCHCFY2G974XRU65LO9EB46OC7Q', 'MW F51PEKS63JKTG YVAWVEVJ5 09MJSC798OEXGKMIDCQ8DCALFKIIUR9VLC8UJWV8TFMW34K0K88XYEEAN47I9P1VBI9SYSL 6KII MTFOCVJGM5L8W5189BUXNECCDDPWMNARBTMB8DE7DQB1O9IX26QSY85Y0JU2LDD5DAOKT3FHXKEELBWLTYOR33J7YNVATUOUV9S1G9COFB089UWG0DY940GE9IJR3YNLS1AYWUC601DYN5TR2B06GXI ', '1505-3-8 7:49:41', '129-3-29 5:23:24', 'EISC987S9NCDI7105 0S02S1NKK232HCK89SPWWTMX9KYI9NK0LY6 II2QSNGKAL6Q6N1QF0GXMO4MA5O4AMK7F954H7V044QQMP1PDWD1HQ0RQWGOACOHEVHB94I0EXM7YBWEY2XY2D0XTFRB 9DF YI4X70 7 8FLD7C14HNQQ WH6FXX00DE3NNEXF1C9SX6B0R6PGB H48CO2PRS8FI 6AT7565SEJG1NNKI1HJT39LHC4EA7JT9AOEI13QO');

insert into FPC_PLAYEVENT (ID, MID, STIME, ETIME, FPC_ID) values ('HORYXPVL RTRYCQ7E2S3839T5 PKQXS G7M8NWEFOE1LMALILSL5M0CM 4RSIU P2KSD9YM0FQNKOP9SL08OS9G9BSGLXJLODXVWE8WJ2GX7QYXSC3UFLIUDE84ACA6M8UKW5RA4DI9MU5ECPPSRB7CNJ47PG3UEH2SYXEG 047DG848HRGJLMGTS9C9FTDTVOJ7OSQCLSGLEW9CBGJ4ISCM7VBST09R011ALC5FJCU0WOMJTBRFKHVSQC3SL3L5', 'WL5IW3HM3Y4772O7IBUN4SRSK2AFW9WA108KOQP2M0FROTQ6YPHP0SOUBBBPG07 1MF6CBGVG IFJW 0IMVITTKXXXG6T0GE5XJ4QFBFPST0QXUPEOD3LRW  GAFKUDKJOKO8CK4DO0UHACBQTL1WDRWXQIHPQDL9WLQI76FD2VRJ69YJ58HM4XN5W 1MSHJAW NOVPTKRE6YJYOQ6512AU7XBR74TGIJB4BA0FRNTOY93HM5NDV0YJMFQ1NEHMO', '1-1-1 0:0:0', '800-12-16 1:0:12', '4CC20T26D07IW446PWRRFCJP3RLTDAS0XSXDAU5HKX0S2PHDK32 UDH0KS PQ3OXNIHJ33 6JL3GDOVPA0MART4YN8978KHK2GCLHPF15QQV4J5V18VGWSNE6XBWCKT4UV35VMXX66FUYITKYOHVG1U5VW8YWQ2TLAED5JLOC7ST M3J2F7HY652BJ606G8XRH6VJY966AKONPQJB  NCLO24GH9WXYQRIFWQ4BD87QXVBAEK1WE0G93OJPE46JJ');

insert into FPC_PLAYEVENT (ID, MID, STIME, ETIME, FPC_ID) values ('FRNFF9CKAVFQOSLRH32 MBI58EQ5366VMSVA8IM14ODKSABYPTJO NDJE2IF39EYVAD6IWY89F0PO1I2RVG3CM9SYLTLR0DCIQYT6X HS2T08MM6XV69U7NUEK79PYU3NWNLJXY9QSGQQGQA8NARX3NL9TGGWE69DTJAA TY11ORWOIGSGHPKR 1VHDUQDGXNTXBK161HMIHSAETHQMQ2I34JX1K0QD7DGAKWP92UK0SY0DJ47R06E2VFWM9Y4BA', 'S0N7A38TBI KDEH KK2QKYRXS35M2608P6B9 BOK1IQ0KPD L8MTAVX7 MMU62ADX7104Q MCOIRM43ST8GW351LWW2K46TDYUVGW41JJ61VMJDQOGAADYT7EOCNQ8LH6426T0C2XG8X3JG1J1WSW9N753EEAQ71YA09VT3UOA401LE3PE8SSSIVTIDOE21DGY8CGN5LTNXSRWR8B9G6N22DWLJW3A UVYFKAF04EU0D0FVTHLSDHGO0V8C V9OU', '277-6-24 4:37:24', '295-7-6 11:28:32', 'VRB6R3X6U CHXTUYJL96PO93D1GPDYYPAV6X3OSKC OXIE80WXF1M0S3FEMYIRUM5RHYNJCLYT39Q VJ7L IBXK32D4GVYHOHMVLO1NASD6249WFXGMPSQ16A 526NSB5X6OWDGPUUMHKQ2MGM98GH7E4LX5KPC01HCMDG4 3OB5FPS52IW831SXFS LISFAUBGBN2O8CM97E760XSRFW16V FUW CYO8QT7MPTMCPOEM3W96G5YJUDGIPB ANFQ');

insert into FPC_PLAYEVENT (ID, MID, STIME, ETIME, FPC_ID) values ('CO7H8G0IQ7G59C6PIW28 9NDOBH75X9C8MF1WIX0Q5AJ1M5L94WO3P6O7F33NCXKNPVQMVA39A2G1WAFXGP2F5RX0T58UDM74PNLKDXFPSJYC18F S6QBR18U8GFLQDL1LY6BJDOB3LLIODXS83HKIESGT  4 SYRN6LSRUJ9 AGIAL7M8FOC5VSFXUS2F6PGGUHE56PMET8N0LOOIB7673IC6B8I5J6AWP WMT DPJ1OWMP 10I3 F6MLVAW1FS', '8EGNMUT59GVI YOA6PPBM B31PDELOEUGQBS EDJ8C7E72R4C4RIWJLYOHE5IY3AFM7PEB540NTTO1DRQOQYIRTXXCAQBCAPV2FRAO9S7SP1R0FQ3IH814YFVD682TAKGBFPF9IFBG1V8VIL004DJTMWGV7795YHSXWW1QB0SN3PBAUW1UT0DT2RKITSTYU0AOM8RFSIXMBFLQA9K YBFY6J 5IN0K6TEOI3MJOW XBE2FEB N2XVPLRE0YYK2SI', '1395-12-26 2:49:51', '1492-9-26 4:34:43', 'RDTALOWDR7VXN EYRPLMYO1WM1AC8N42U321A2YP4QCLG9O9M4RPNIKES6V1X6VAU3AJUQMWV6RND4HAJIGYE3V9G49MXS932TDCSB78FMW 5J57AYNRH NTW5U77VE5N0EJ28O01JRWY8O9FTGYIG7DET6E5I66PNIR1QPMWNFBERRNJR6YJMGB20XCIO3Y6247GQKG2W7OFEQO1Q8P1D22XU0RI0A9 TQKG26WKMHWG9JMAX8MVCA1YRDUO1KV');

insert into FPC_PLAYEVENT (ID, MID, STIME, ETIME, FPC_ID) values ('A1JRIW 3GF LSONPM4YJGKT5MA2C2R5 FCF2RGGWLGU5JW94EAQR1TXPKUPGBRN6JIHOPIQ8JWWEVWPF6C373F18L0N5A9HXDH2TP6V W86O7TW6OHYF7S44UV F48VRLIMBL8P264TTBHFWH0BID4RS7PWW8HR6S6TJKAOESJ34ENI44OG10F8QL7UQLLOTEAFCAQU 3RHI1Q0I0FP6YHHER9AIGVUBVXD5QQYTADLF8YHPJHMKGU1CG1XFII4A', 'DCOF0 C83DWM6FCRIET1DHHXFJ2ELE9SEBEPUJWLB4YJOH18A01F DSOIIR8LAPCMJ3XAO11LIK6U7WJDLRB5A1L4XA9H4  08BN2Q4RR8Y39Y5EQH4JPWFBI4VQN8LGHWSW6Q7VN8KB0VML7CEEYOTJYO1JSMPJVDF94JYKUQWHIVQ M33SIVP JGF11324WO9XRTQ30AOPMNMEMYS2HIACBNR3 A5275HHDYIPKNSNLQ4RSFB5CEDG7O16KI39', '1247-3-11 23:56:3', '1279-1-21 0:20:49', 'WS01N96F9BWH97UUIVXRB01OYE7D20EPN3SDYMRJ T6F1WXOVC8L1JXJRRTL2YXLU62XSAXPFA8BDQSJGD784053Y4QCHPXG P GW56H8337B YU7C2715NY5 JYIVT9IPTCJWQHWX QALR10V7NPJ NU71CSUOYPE1G9YJ9VR9 2D3NMU48FIBVDV6UCRBJVDA82L2HGSHOXVJ6SFJ4V8J71C2GLL223EALESJTYKB0IEB615A07K5E2B NF21L');

insert into FPC_PLAYEVENT (ID, MID, STIME, ETIME, FPC_ID) values ('FHTWC8GXI46RED3BWEUG4V5270M8XC0FBL 1  CDU760DRQ39X8K NP7JYE473PGM9ALWGEA8XO6CPWRO7S5J3ADVUDW8914BOB3Q YSJ1WUYKQ23KN0LW15I2VVE2I7DCSLJM20HF809H1TEO4HFJUAN5DVEJ9IK2KPR8E5SD9CPECUDGOFQ78HG I9EI2WNWRJCFBH0CMY30R O4Y8K CFXR1YXKF786HQHNS7N69IPT14V5OTDN0X0VYC 3GD', 'BHG6N5YOYX7J2DNYN9JJ 4G228C850NNOJOONEEBFG424MBYKJL6O1O0MBWRINA6OJSAXHS07WUJ8AUQUJPL6BT6L94SS61VIXOQBWQ3E5WOA0OAQY9UIWCHHLLUM4NQEI9D60J 1FXVK6WOBNVI9HCSR511YRKVD9Q08V4508PXRY6 MR6OAKL4U1B074SBFKB2JF326A69YBYBKT31 FJE PHV5218F IFOAO79OHRN 8S1JNP047QCUPB19OQ', '645-4-7 2:50:6', '1388-9-24 13:23:53', 'GN 11ESYGWKQT4C7XQD6X8D4JPBD1OX8WHFK8YDN2VA2CX4XT6YEXP05FSN83R349LWPLUEMPULUWGWX1UDYL8K8P0P7OCMDCWSK66OQ9GTES8IYTA1ONU6766CY7A48SNLPFXQQINDKNHGNAEMY7CNWKDOLL90X7C2A5SOI3MXRK7XSGCWOUCF6HYUR3N7N1T2YM8A OV8W08R59JTAJ8N HJ7NFNGRP4LXJJ00O78FW6EIKPGRM53701A0MA I');

insert into FPC (ID, FDC_ID, IP, MAC) values ('PC8GM093SHQIB33UISA7L3LFNGIFA2LMB9TCL5MH8VMTRB3ABV3112OV7GIFBIRS6FFCL64YSF7ASFG550BWBMINS3DBELR75JIIP6QVSJLUYX26 J4QVU1A83EEXCTBAPTNNBBTN3D5JCLGWFXAPV3GMJBP Q6RSLKFRQOO0KEMG6Q973Q3JVE82783AUXIYGE92KJMLX2J7108BISFP2MWYAR79R0VB0BA93H3CM3V2HV9S7UD7NB0RKSEXLEB', 'KG9SU2HS7ANF6CE7 CAKVQY4KYNLG1JJNDIKFRU5WC6QQNTEQ04AUIARQKI0E791PE87NLLS67JS7ULXQ19CRM5FWYUD8IA8L8TUKOQ1C8VH6GNKYVVO14GMVS0 CYYIC009V34IUBPHVXNCHFE0O631Q7PWTJFL5D23Y1K2AY 78UAML4TXD QPNY2XDCSEDKKSTOSVG21WSQ2 PXDNIO3YY8NQFF18HBKJ57CE76LLS8GCEDUA2JOD4UFO0X3K', 'VW0VN984OAN Y5KIQK8MACKI1BDPGSAY', 'HTINKKIJFEE0FC5RIYK54KBU3KLH95R5');

insert into FPC (ID, FDC_ID, IP, MAC) values ('JIQJOI SBRNEW5OIE70SPXYH5CPV HWOFTHQA5IRQUAR7QPF02UCI6VGWG8MSL71Y8TFQ9C90  97V4RNXAFMPDC09LCD5XS8MEXC8QWNT21PC JKEO9OWNUKMCLDENKKE8B3FTHEID18VB04NSVX4Q V FO5LRBDITHJ8M52Q2WY8 STEQYCSN CAAOO1M9AD 3032COPP6MATQBT44JEAGL2OGK2HW100KEH2QE6B3RUGYGQXOPDH7BASP52I0', '5WG9AWRCNAT12YUUGHBQPUYSU2P T SA743R71GQ0 AU6JGYPVDLRTBDWQ9L8QTELCQJKWQTPDYDBQHE7KWB6U1K96A88GSCHFYXNVU7726QA7 67AB3M9921CCGIC9R4QV0GAXR98QUMR N04AXDH4VIMFKDNOLY8XPKK KPJUEH4BB7T2KDVK84YVNUQD0KD M94 2K82WN6U2EL5K7XIQGUJKIWKLQ5A8HHSY 1DLLQ72G7J944S69BL0QHG1', 'MO5GCNA0K080I1HC0INY2RS47974H8EI', 'U0KKWLH3FGTG TUFOEUCM1WRB39B1YGU');

insert into FPC (ID, FDC_ID, IP, MAC) values ('IYL5AVBAKGBOHTKW8EHQT9XCGH9SDERNT8TUYTIAMCGSJ2M9SMN6FL7A1S4 UJ764G4F9V8A8500EL31ESJPRYWPBSQ9SVP7UPGGRMX26TLP5CAGJRTRPXEJMMYE6Y2MIP3AOO QFO73IBE4U FLR612I  YK9XNTKQ1WQQO1QA3WJMT1DT75D3SM1I96DYQL0JNVFBKBFPFE40N2ETEQ7OIUJJFXVLMUBYRVIUCORNMP4G113MR0EVC5RJECDAC', 'D3JQS247B98JHN2PDXLR2Y2QEXMCDX3GI8T5GGO20OEJ1WXO8L5 L  Q POU4NF6E7L9C612PO47PD6 FKCKXR2W7B5H72DUE2SN0VN2740XL26WBPS0YWQ6EVV0JQOC2JPMP3W4GE2VG05YLGIH62BS5231P42U2Q0B8K2NJHR P68 YQW3UX3B33FVYS2V8EVO6WEARTX0DOI3E1RKR56I3OWM5C84MSRDNVX HESF6MVOXDCIGHMG5307VD M', 'SYCTY8MNY4 VI78L7LN2NP55XQR0 533', 'PSUHKH XRBPG78OUYU6 LJ16IO4RQ60L');

insert into FPC (ID, FDC_ID, IP, MAC) values ('Q8YWNPD7N9UY7PVM40UO4PMLOIDTMHB8K3VAQSRP 0AIW 0ER6K8WYT Q396MXWVUOGYALUMLKH5I7JJH87EUY6DTDWOUE645ETQ2YD0H3AHDK1M0ALV1KG0IRDEIN74A5I7KQY7V9  GB E7114BO6EL544EEVD7DIRWT5W378RGQRY2N4G37V9113F I2J 05JT7DXOO5VN5PNRV WG3WPVDJPGSHMWK9JSS0J9Y820X 5NX197BM1DO64K4UX', 'CNMUJ7Q BS0JI38EU99A3PFKE5KB9JKQPASEBOOR 1OFEBB7ITK2HKEF45VE8I908K0143L5CP7YIFUCGLOP4YD0U JPA06BIUFLSB76H IR7NCCFRG 3N I41PAKRCUB0KNQ758KHU8HABYA 5D8MUGR7TWXJO0MIFL3N WYEWL L6A0FF3YQFJP S6V51JIABLMM445GRT1W6PSUD9CY5W0CVHHE7F8U2JS1Y4TWXNLJKT HEN7ABTYSSXK7SY', 'GR 27J7W1KISE5TUU7QM7A853 RMGEQE', 'GD2ACMYCAPPWO01U8 CV9MBB0HRTX6JP');

insert into FPC (ID, FDC_ID, IP, MAC) values ('B1YEULA6PRDU6GQC7N77PX7VX03KSCN0U0UOROEM GVKF3YG3CR32XS54YSR8GFP7KXNX2DX7UHBOBJY2VE3 ED NL88MDI48CKDEU8DOC90JMDL3L76VGWVDMP8F37P GLPV5UKTUSA8G5GBGO3P98JB5YUPNO4NL79P50FAS0LPFJUYVRC9X21OX4V721BLY0GY0E2T576H12DHUQ7TP3NR5RY9GAKAC1GAYMYBE51TW7WGVCTFTUY4MSH XBE', '67T8NXOBTJBNAWFL15FXXO4XWDNIMFDOXX54XBJH2N75EES6L5RFK9P4GOYWP FG732H19JOR4C8UGK3IC2DV12KATMLLVBEWCYF2UO85ATT8LL3O4FP755RAF VQ1CX0TMRO7UPP26IT9L88DD5MQSFHORT6JOPR6958HT 0WDUI07UGKT9SYQK1A48NEEPHMIYSVB9URPYTG0HQO1A2 LJBHKRKPJ6OYDF LXY36XX04F4O7TCH4 US02TYL0O', '7BCFHUPWEVN53BTEWSFP50CNV40WO3QC', 'JPOWSHGIUB HJ R1 LKSJRPIBEJJL9CD');

insert into FPC (ID, FDC_ID, IP, MAC) values ('FYPA086UVL1 JO9NM P PIRTDNKN1MYMRNTO53IOPBDK70K2VRDE139EB0VFSPWBCRO5BWXT6M45 LAU8C9GCVK5W3VJ9ETV84W0UYMRV5OVQ5G1XAQC97WQAT4J4X6YR6IEOMSFG3TNYF3XBUJ33IC6QKMPOLHHBT 5GCFWT3Q6S823WNUGS7UPOBR5XN1OKI7XEIHLXD Y1C7DDX8 XOCYPJBQIH316AE7HMT8YQL77N6YLHM0SHNOJ9I4PFTC', '0E9H7V4TV48JYOTV178AOKCF37YJJ7L AR1WE0EUE74B6SG7N8URYN0E3W1XMO07HFX87A B1IMOU5IUMFL6COA7PEGQAAWQP7JQ 26SCN1QUH2T5DTRE0CI2NSF57T6AJ KMQ25 S7DMI3FK8AIH1ADF20EKQ5IMCPLSOQIVNACC2I8ER55I6319KIOH69YB2JGQB2A EU3UX34C5YA1VN14P35LVF 4QRLE5 5HTXVK K675Q6EMR8RFYG66RD', 'Y8TXU74Y9FJU57209QTAS F44RU438DB', 'KAJX8FESGE6QLYNAWTC92D3AY ASDQP4');

insert into FPC (ID, FDC_ID, IP, MAC) values ('5NA6966S9EX0E0L7HLGM93G130XQIWAOGMYV0P9HA7U5DD0U82HRX3DEFWLRHAGCEUU1LQLWOIJ9LMUW48W100XHRIW8W360AEV9KVOT86NQ4RDKL0B DGK8G0PXOR9JPYCW6QWDVL5PQTVFBTPSL3MV128DEUE4BOY280JXQQI6URGB LJGTLBY6U3YBW59 AUNABS522LTGQ7CKTKUXMT8R4DQAI2PO1JEIGQ AKM5DT2V4G1HFY7UP6HNV9IF', ' U39CN64O6WRN3HV 1S0GY5Q3BO25HD8WGJEUCDF3AKKV5FWTPYNSDGX5FB5586V55NVRT3MBI6WN4S8 FFRMG5I6E8QFV3W22B6NMUI6PB43YW5 4RTTUPFJDALXVW98USPRF 7KB1EYP 6E701Y5GXQ0Q97S93ANUKWUT3O8SQND750MKF71MIGI53H5SW48JONKJTOXCS60L6QV8UE8D1KMM7OJYGPTEP5C9C1G04CR3NNW8T3GRJ0MLIAL7Q', 'OM7F QAP34OJVBBR3YF37BC9W3YCRVT2', '92YVL0NX9N8VCQFOTHQN2YCGP779K RQ');

insert into FPC (ID, FDC_ID, IP, MAC) values ('LOWQR3FN R8IV3VLW4LRGBD58RAEATTT1JBWH2ROURHX2SEGBU9TVJ8RL82ECU7EHGI V6JTS4VAL1COV7GK4EKNBGHXM3R3ISNRP8I6U 97T39TAE2PBT0 YTL088K1 F8VF4A270X3P8MMF1CRAM7AB8WG03KORT9M6RG58DJ5YPV6CCW GRMCB59UHGJP0X38Q2ECFS6EUU8V51VEX6N52K0JQ5B5X7HMI1ITHIDJD  C8EOVGUL3S0TPL1HA', '65E58W VBAF0GPL8 B8QEGPF 9WOLYT2XKT9E LX9JNIK1UW557Q515ASXU6D921CWF2TGYAQR5ICYIVP0NQU1S4VF19790K4JCD84R1R3SM6O6NB1EFKAD2U7LX7OPR B5S6VOIK7T90FC2VWOC5PFOI5 17A32XQSOPM7DIA NIJD5ET6Q16IOSQ44QW180QM8M9UI21BQ0ALA1GYMAOY5RW8LWB97HTEDCSV3YQCAH16554HUO63GO83KIGFB', 'M8OLAM2YJF0O376XOX5M37T5DTJEE26I', 'KLKXFN VLFKYW8PPPT11H 36GNVD4FK9');

insert into FPC (ID, FDC_ID, IP, MAC) values ('YQMILM026D054J6G168 GSNSWISAI0NNM23FPV4UJLEJEVUH8QS602 3YNGYL094P8VL9VV7N49T5HXVLW1KSQL8OJQ9K0PT1WC5CO8FU9PWXS8E31458WENWUXGWY83O7BWLF44KX9E0BI3U4IODP82OPRKNW3QSU1HG9A7ELVSAMEA3J4MVBUJ7UEHKWBLQ02AVDHT36VBC9FMAB9A3XWBRHES 0Y00FGJK 8EM8 YDT2X0XOS1SY2WENW0DVH', 'RCYDSXS3INLAE G4VFIBC0U5EHP8UQQYDAABU8 QQNIQJNGB1DNCBVM8Q7FDKNV05R BYH7T5OL0CVUVGTUOELB8EPPBO52JHU 0NAX5KLFHYO01JONQGSC3P3CS4O5FW8JO67JUWU3B214EWB2Q221493LEGTRV22EHCXB98B0G3 CQAPJRD3NSOV2HW1JBV3MCP5H2WI0O4LP5OCVK9MBWU6T4D YJAJSXGK378GBFUY7337AQ8B4KPAA9E9EJ', '47WSR02YABWIGE84DKA7SUH1U53WFUGW', 'JXH20W1VYH0T1D 0QP3CV10S9CBBMG31');

insert into FPC (ID, FDC_ID, IP, MAC) values ('AFL7VC3O SFJ9YNF FH D5FL9VK0B4WTDRD0SQHOGDOLIAHK3D7HFBQ1NRV3AFR48S IXFPNE3SJCJQ2EVSQ6L4W FRUWH3Q E20MT07DK1FLFGX4LMY8CSTGQSTUKEDXYQMT8H63 99RQMGLNE4W SSA4YCFX4WIED7447PC1NOY669DSA 4W54XJMHNWMLB6VGTV467WR62NV537W4HJRD GM45R4X3CIRUY2BTCL1HYFBLN6V9EFC6X3W8WTP', 'H5SPEY7WVMM1N8N6TVEMG Y4G DK6H8NRAYY01QOI3YKKJUE8D9EQER9EL9HKDNGLR1OHOGB1ISW94FYUCA JEAV  PA3MRUNX6QLO4WIY0M351DFWC30U76TKP XXMYNPXOTYDQ32V62W2HSPP6XL3NP8SDV457KJ9W9DQI633RTN A Y0IRLH3JGU3F 7DICHKOVN39PPDNR286DB6KSQKG84GRCJFPNFMIGHO 69QKIIWO940555DN1DNL2SM', 'NCV845 3B9103IW9TGMXAHXJVWLAVDKR', 'EM547CDI 6Q163OL6G28GPM1CYY3DI8P');

insert into NETBAR (ID, FDC_ID, IP_ADDR, NAME, GROUP_ID) values ('BGLVJO8274V9M600Y S2WPOICG7MOPJUPOQTMDMO9XV951UX0WYNTKMD35T4XTCP2SRP6H5PO5H1JRTA1RF42DNXV7S86JN20AAVL4PTNBCYX4VG8D 6UU3H2XH7WMDE8AECWH0XKHG66VX3W2X91L4N24L27XDIMBJ0SRRA09BLQUQ4HPXM5CWAK6BN 9CG8KLIL5IGORPXRXYQMN19BVGKB06JMIWK9OT8AWR5FPYN 07G2VQ1EWPX91439JMI', 'XIHKYNCFKB2YFTPYWM4XFQJWX3S7WYQX WIXUNOS24HOUQ87KXIVAFQJY6L24V0VS XJDJM0HIYV6DBPPQHREE92EJYY5 XVDSY6G0L9KIMB1 DEYCEQHPXC20QLWMXY', 'SUFCOJ31YTENO47CUSHFONB3HC1HH5 1', 'TEDIXRSD5DUW8061AJPJ4AKC7JYADWQ92947YTEGD1GUT1GTX2RBXYLC9T5 50P5VQ0NO7THUVUG14RYBUQKXL9VGRBYCYYQ4FFOQ6PO3GHPC3TEWOAHLVPSEQL3RM70', '142CMLH7UDVMV90C06F2KHK5ENK8ES8O5POIE185WC0CPM0QN0LIK4YCC4QFANSJXM8ULKJQ3R59QD29RX5X4LCUYNOJSRBYHQGF5NCE9HXINL83201T0U6U3USMY9T95EI4NRFYCVI2VCGPEXJGMVOOTUVIF851DJVNCELGFUCOFSKTSUFX2P32AC4VNV46PLHG53G6SVDT039GGGT11DGYUK62MCFTYIPQLGJRVWVTYH8XP 9F  TN181B0VNG');

insert into NETBAR (ID, FDC_ID, IP_ADDR, NAME, GROUP_ID) values ('2SWEKCXI98N1WYX1RSXJW9J2H7IJNCX64PY QR9VE4W6LRLJSEW3WRN0815R9U7R5LHQQI0W3L5UTEGAF8DV8AP0YJ7H52NRWAC77 9GWFBO0WQW1BETCQBN798721HXF3VQFK0SG N369KA68JMC0WQOA99ESQATUSEBQ7EI3V74MYMK4PT 4UG99MN7FF5EX73IXO 262150TD3K7MP G50B6972E5K9NI7O5O82PADN19SSR5KOWJ254PQWG4', 'YV5FKOV 8P0QTWSD6L0SVKHFXW5J33ADYBFMX8KYI62HFFU3AUHML6JP32V30O9QWR6XDES5ML4SJWQ8F FTBSNTWYWDLT UID79DYJVW4YOFQITVFRMDO7QRGR8GWIW', 'VOI2KBR7B N3LUIN4QFDOSY895N2355N', 'WHBXHXNJUY8AWTDCB1H34KY9VLKWTT4FCJWTYP4VY0CNG6YABST9CGXOTT5UOI6JUSWKRTIRGTF3G32 VE6IRBITCDP02LVAWYD48K4KI4MO1J4J1VU9GYEMPP1EF1KV', '1TAIX1B39GMRA51T29OHVM1MHM5L4OBR JDK0G5COLQHND4 4IHEHG P0KAN03US28HIEFAY UPOEGULRLD43OB LDR09DJSN NN8MXPADIPGPI3VVKFSGPUCX7 8VNCAG76DQ4JRQHUHH94M8LT71OXKMMOU ABNRXYBKWSR5E0R78QA4HLOQM7ODI Q3HUNM P8V32UBF199C79GLV6TYUAOPJ5M7A890WXHJ5MF3FJ3K16QQICLVD5HIS12AE');

insert into NETBAR (ID, FDC_ID, IP_ADDR, NAME, GROUP_ID) values (' 821CI9Q8ARHFNBBSHJ8A89LTY1EU2AADVS G KRJSIXO7BVHV2GAPKKRG J6SI1NOJBSPIPQ3OO5LKGBRB9L9P K D34BN5WMIT7BHPI7FNH2L  DLSX1HM A0TMY2KDB927GP8SQ8F0WPL9MP1M6MM2R68C04MEVPF0UD MS3HOE6P4SSRPXRBW7HNLS1WKV91H6K07YB 6 80PUFGTHFER206BOX7JHPT289KWFOYQ XJ85MFC52T3A7P42UP', 'LUOA5OPQWEPV1B6325X6Q4LN919CWCQ96D6IFD1JAQYY 5MNJLPC1H035QO5TLKMGPO7RWBGUTO8HOOA3U9RK3OSC0QVT7P P5ND742WM 8UHF14ME9UBDMUXYGI4NVM', 'GV13WLCGYQ UR6O9RG2YUCB5XU06 WF0', 'FVKHQPB58H0D79FTTSS6XEC8DXI1JO4IPRNXHSAVI52OM 1B87MECDUILYXOFNWMRRG8HK2JY69L UEY2UGP06HTDB70J27PFEGAD8AE5630QP9ORI DEGD1BFHVNRSS', '6AU9BA6XG7C8XGF83PJMABAFAVBOVVGSIL7JNEQQRSHCJV6PDYBKN7QRNF4E42RQV4Q9IAV829CEYTHUI7QSOM7HKGETKQJTDS7JUEGW7GMMVEEU6KPR5H2PUKM09YRACXP897CG3QEXPPU68NKTHTMTKXISXTBT7GR2Y7A0V062HVMJQO0YPL1JW7CUXI 8KTBFUYWUSRVKV3J UB61MVEU7MOK98GP7 PLJ0PLAYTP9J6TWTNPKSQYYWK3M5DQ');

insert into NETBAR (ID, FDC_ID, IP_ADDR, NAME, GROUP_ID) values ('7F6HXSCA8WC5BU8J7PRS880QJAWWBGQSJVBGWNM VMU4I03L6YLE31IOS2E5S8G6RM41GOTTNB76MYAHVXDWAYPFR6EQ5XQT4XYAORH7JARGI8JD86NRPCO2JOXMN2A 5LM ES7UPDCUQCGMATH5 OFWC4IM57N7H ER0QCPFW30KUKY8EA3EERKKM098YAAV U MJA36RMFVEABH3UCU I PWRX2XMEA 1U 87JKDYB6M XKKFHW DBG1HRKRWU', 'GIUWK VKQ1FNJXCL6CNUUQTK35CUOJM0A5HBAE4GHCGCVR2BYAWQGN5M7PBGYFE01W81GD5UBRWDDJPBCESA2LEWU9NO8XMQN729TV78VQR KWJSVCL3738KO12MCQKJ', 'VQCGT8G7UCS 4NEBQK J5QHVJH6TEXGB', 'RVHQI0KYRBDN0ECN MADQ KB86AT8M78 TVYW5C0N7D LT8FH4UKSI042 LAEI2OFF967Y2NV3RA VDP7GJI3VI4WSQEXET1MERDPR 7KOKM7I7M7KNKRVUC 5J488RI', '0GOK7 74X3OLNF5LFXCCLEXEVCFHCJ6Y28D3QHRMG8N2O2V80 N5FVT PQ3EFOCGLXDTN6LJSX9SNQQUJS91FE3UFFSGJV5H0MM15RWMX9E6LQ VWPFTK5EB7A6WWHVLTXIW2YSU3WHF4GU09MOYKF93BPAWKUKOQ0SDVI6KO07JH9D9V  TPF426LM93DCVLKO2S80A59RAOLKW6PRG0IBGEG PRJ4JFTRJKX2X8XP79VCGSBTR3Y3TQAOMIRRE');

insert into NETBAR (ID, FDC_ID, IP_ADDR, NAME, GROUP_ID) values ('UXDAHTAUDPHPP6VB41OUSWV2PT8L85DBSAP07EK5H71E9R3A 8LJGCLYEHK78S3RK2AKU20T VUYC4QY7ENGDXW0QRF0FH2EOSQ8TYFJ5AIR60QNWDQBTB3K  3AAY8RXI5337N9CH2YJ8 1CG2KK6E7O0D1Y1FL6V0 E0B7430GXL812IBF67 SE6C59LC GX4J2M W684YFY5UNYKYT4UHYEL5MGMBYET63965EKO V8C0UOBYBQWQA32F7JS6', '60FWRYFIV6G7NHTA7AXG6P94JQP8TIF3YQ6PDOTPALSTH2QL60UIT0YAGK06U BDCFJ6D5EA6 0ELAASSQS5OMS4KC X7V8JXM7L3I VRWRC2 G97BL2Y60X6CXRHY35', 'K1B036L65MVH8TB8037D7DERAONQ7RT5', '70VAEVBC27BT1Q0GR1WXKEN2P045E16K10GHWP6 VHUHXJ1U9VEH0BIUO 3 7S8X1RWAHMLBMVG1W COANMY5KVJL5GX M0PE2US34GT35TLP405IIIVS359C3K1UKG6', 'EH 0PF1LQP1MILGTETAC86MU2KE9XK0GUVTJBNKQMY3OCAO1YQUPFKYOHD6M9GJX7S0X5H512FO8BHLKH6G 9I2M7BKID0WC5LTTPV7HDI  NQQ27RK8 ITBMHEFTULKF5VK1S1BY4ME8OIHHK 7J10N9J0SUI0O1U5CW8X4HLKOLYA2VCXHHLBUSN3PBQE22O43O90QNY9VY8AC192C1SCB2JR2P50DQ2NKGWB7GNHR46O4S2F 54LU2GJK8IVK');

insert into NETBAR (ID, FDC_ID, IP_ADDR, NAME, GROUP_ID) values ('1FR34890RADRPAB8N5F05U09G856QRCH8R2BHVJVH57D 5GM3C6HH9Y1QALAN5KG6N6J4H8CWEPNIQ1HFSBJ2VDDKCKJ1MRJQV1COHFCGTR6N2BG3JX3CKSSGWNEOA3JTQY1G953SQLDJ7EEM6IWH9Q652V5W4LFM3MQBAC2R YET8AJPS0E7WJMJGKVTAALFB7AX0S19YW7Y8XA81PWYIIKN7LE3V1LNB6FIY82GL KXD5F93DGS4TOO04D41MB', 'FC62MVCGGD0RTW5NQ1KPKDV9SEKPQ3P R8 ELH58T29L8V2VTSCCXWH1 X2JT3T3YDF9DK0QJ2CJISY53X  AIVELSYW6T1V7GU3YCDRG2H3FHD BF0GGY TJE85W6YW', '643C6B7C5XEXB7XMVN5H9QYFLIBJ 1 B', 'EBFVBNMAAQ25Q3XOT2EHCXKEX096GRHXGE87DQTQAKPG  Y28I VU2DOKJQY7CWU7T497VOIC2M 61TAXJGT3JM1MXLS4JC5EGG8DNQ7X743ND6OAEB0FHBQJWVUUJF7', 'I0X9YBS YOHXNKIG6 H9BAGG05DPQJ2UY2MHIKBPCKWRO4QRAV1UQW9G6 KOO1HRSAT97VMB2FQD0O7NH1E8AM7G1QVL7SX2WAXIODF3NUHP40Q27B8OH5GA7SF75M4TB5WTBCAITYXG61 725K6HA 6I1R5XGQF9LYN30ODEFD4XLILUEXJ4QSIUYWSP69G2QS5NN0SFGFYUNUYHK7DVCN BG4A8P6V8CICBLK23Q8003DD2MO1VXDO619KX0UT');

insert into NETBAR (ID, FDC_ID, IP_ADDR, NAME, GROUP_ID) values ('LJ1PWJ66FFJTGG9FQ595G4NGHLNB56XOOWA2LKYDPT9E7VXI61 VVM3JILRYW 28WK0KCDU 8UYO47HTBU25PX3T1O4MF YKW4VGH1RP9 8YC9VPACDM4P0ND41I9 I4CMWT2SEH6D6FQT UDW6S M0LYRAQIQJQ5MLJSQHJJK70POL53C5VTD9KG  1 3TGCAS7Y5KD2P5EGPDT03DXSPRONOO24 XN59T9MA5SLHA3RTWCY1AQPFGDG9C738FW', 'UNV1 3NEM9EIDXS4GPACW2OXXR8GT4Y3EON3S64 7C3VI1NNKQ4 RNOT CPRALFPJSN2CX05JL3YKT8VW26KUKOP56VRGML53SRF9QEU3U9GYAQFUQL KR77YTA 17O7', 'JWCU5OLYC5 U9GPIMFNL9AXT OHKXDCW', 'YV053OHPKIYTFALSQTITWYDA1Q 5RLPSX3WT7L9710815 II 5FE84LJW8RET KVLOPSA0B58AIE5TB0T6SSS6QJ3QG5O0BS9PDFHOU96FQBE39O6ATNJBDPR4PQO163', 'GOKY17KVPL657YF6T31OYCLSURGDV4HTKHXJHU34RR7YS85060E8IHVXV5B7T0ALH3UFWX61WKLTVYQPOY9FOBPX0ATC6SB8EC3Q7WR3XW X775I02KQ8QFW3TCUYIK LMQB18M1S3J834CU3XLGKSB86VQLXBVIIUBVLFJXL4QHMT6GXR5NSGLOG545ED2OQERUT152MDG6HGCDO9B4LTC5AU7 FTUM1CGF9M 4AV2M18JWQOMIEYKX4OY9OXRS');

insert into NETBAR (ID, FDC_ID, IP_ADDR, NAME, GROUP_ID) values ('VRBWDGMW539D0XOITNTW397E PCKMUR62GE4LWA1W759DY3DOX9S14QQHJF36QANEMJN61BT75ELKWH9UDAJETQNDQSKSX9SN1N2T8U7IPY  S0SN104K9RQ7V0F9GUDU12NQVWDG51URMUVOIY7OE8TP120XC4F2GGJXEDUWDDBJJYOMW1BH6L0QVDCVQ0AON MWB3BQR0ESLBNETKPFK3QCHP9TPHI2J5J 4UW37JSGYRJ0GAGJLWOQKBG4F90', '1YAJSYC9ICVORGB7 BV033Q34CXPFEOXH5 IX3RWM LUPEYD0XX35KMKKE80OCNLRRX87LFHC5LX49MET74J567 A3YPI3EUAPOCW 43TRAM4540EB4D7WM1I5CG9URJ', 'JR2NR9 KAPMFL7X4U1WARK024BVWWE7B', 'JSBVNAWK2270I4J87D1K6R2O6RJ8PFBL3590ALIDAEQGTD8O7UGT1T8DSMGIFJRHSEFLKEJ8D3FG87C9JNFI4R8165A94VF4MTD29IR0YDWIC2QLUASI0XB54BBWOV79', 'D33O5RHX638W9EAMIQ289Y5IO TYHWEYQQVCB32O035WU72EQR GU XQQILTU133FSA1CBXTPFB72X8D6L45J8MO9NKEDN8HSED4E2A3A8OAYY20SKO2BVUPE8C F30PE5HOA36I 4KD3KR QL7PW64IFN PXPKLX8COK6ND59SET7DA82OELEX0SUYFIWXB7B7SC2J8BCF509W7R H8DUJE3B4SF429BMMHGLN 4L46B79AWTG3VUA720R9MUS4');

insert into NETBAR (ID, FDC_ID, IP_ADDR, NAME, GROUP_ID) values ('UKWR2D7V95S1BS0EMJCEMC5S8BR9S22YSOLINKRWNM4FN9PHKA950UTCCJ3XIVISUFXS1DYTU281INGEDG03R9SVPFPEM3270S2E1D4TKKAQK6N1ODXGLQX56UHF3Y79KDMX79KCPOS636PI9UR6TEXBP4NKLU67V9IPPPG5CIOR3YV947P IIEPF4T3F19MI13WFGU8NPBQ6UC0DECFBAW0L725KXKD5X6DT9QW0EH1NA6PAUMTJ U4PDULKX5K', 'OD6AXRH1A9OGC97AY 3G1T0PJRYO SFVORQCTJ2X6L0Q6RJGTFLE01B9VNVIC4 97E3HTVAO3B1KLXN5IFKM6MH674IYO3YFD9FISFJFRFWS9Y08N9CA9QBBC NS  RD', 'CNQRE2K1RJQPI3VY7QLW04SOV5LIFSQ7', 'S54OVRXUW13YFH9GVSQH2PNIIP8NP0UTKM2II2M56BEXEYMYHOUT6G95EA2IFU03H41DYCCOX2MCT EJS14R N5G0QDARX9L5Y7UNHJCGNWTW75VXH1BRP60Q40J9U25', 'CWL2DLPQFSST I9DDJQKER97MGI1OJWWNFJJ6YBX77U6XOLK3R 6W0JHUQI5UQ1TQ19QPM 9LO26P9VA3J52 04BXE6D 1SF72Y9CH4QWJNFJUN6NHP9W6VE9LH9O MKUD9I8K3KKO6GB0B82PGJL2JLD O548XAME7N3T3C8INHKF9PWXNGN6U3YPH76E 1M18MBBAWN0HHIQO2UCWC91DDVI0BE8 F4T55 4QARMIB NQ6PN8CC8N64MS6XD1F');

insert into NETBAR (ID, FDC_ID, IP_ADDR, NAME, GROUP_ID) values ('MKYV2W0QXAAGHNFOAGY86XLAA103RHYN 7 VY6HK2NBJ7FXGYQ4JVGE156U221T9CLAL YUKA7KN52IV2QCFYXE36D0R12HF309594P4K8DV63W1IX79BPOJFNL5X5OEN8OAJLK 1LK2U1ODBHPBK96P4L31NTWPPOTNAAV30LA FIEJPYAJ01S9NCF0RON5 59NL7YQX560S3IH2HSRKIB2JIUDGBCUI31E7B0GEO8FGFAHXREHS7ECHB2AKF86', 'D A 9U2M1J31J70U1SPCLKJQ9KLIV3OFLLNAET211QLRC VENCUL7BRT2PXGPS 4KQVJ33LOWNR5CMTMMTAIR8I81URQDESB0LQNSEMT1FA6TIXI7N1FLK9XNWI6KD55', '505V56DFQ44IWVOTJ8QKVIRE9F62PB1J', 'C 8COHJG7XVUJ6BWC5D8E35Q439L48TW0N40SDKJTCKN9K6VIQC3IEPTUUWL7QT5AVBTD6RF1TB9A01A5EN7A5HQQ3YG209NF4NHIX69ST0HF90 2X9QNW 8S20VTT79', 'JP8QTCCYLCYIHXG2H55BGE0KTTQ9MM59F74P520KGRFG69V5CNG R6USCE6TYQ8FIFV42IH1OWYBVJS1LFGS49BI47UV2I4PQYYT8TFMUE0 2I0OOFS 3BLKSLX9SUI72X8G 8GUNDF5V26A9YJLT3O34IXKKJ28QY0FB11IYIGC22XC1 6F3EJK3CU5IJCF29YYVGKNSYRU5GQM1YM2G0 OR1 7ERQQMK40 VBOAIEN57069U4W0QSGE56OO6MB');

insert into NETBAR_GROUP (ID, NAME, DESCRIPTION) values ('88KU2IFC027PJS2VRRKQVEGTS4 CAOO38 53DI409WMYWTBDL6LCC41PV6KHX99NIEJQC7MI9 SB43KPF69TO72NJ2S4Q72KU8N8RIHGAOWDKQR9AXD51742S17X2RMGH113ALE124URI2 0KCADMX1Y25 J5HKL36YWLX7 P8376SKE663LFIOQ45 O35SPOS973AWJQPWENUUGAYIUFB4F9MP20U80PQJM8OMG1 14YHFOMXWAH1OK1YBHUY3D', 'KJ12IBSG6J COPAU2OIGCQ9NXIPA694KH5AMEDWBJ5T3IPOTNGRJU81ACKY4MTUO4XTYM4R8Y28FOIBWCEU0H8UCBOB4BFNLMVVU7Q52YXN7RIESF Q7OJHI1BJ5VNA5FS722O 9I38DCB9MMC2CV80Y8Q34R8PVFABF3OET0PQUUVF5YH7SCOLEW 3 E7 PXPDQ ON66QLKMBKL 62VAHI5KW9R3XD6M85VF 3E8WUKX5ISJ B TMBX240F009C', 'LJ5BEH1FIUNLNJUP6405V4FW6GY8T0G GA1R2 IUDD7HXHQCGTK7VX2LL31WMN4E FGDWLNIN7HKTAQHMC1FP ICR38OVTLB0SBNR6 2MNPDQ2RKQU4UNTDHNP36YQFHQW64AW8Q0UPNX7YJ8A9HUAE0QXT21X82U2BD2A77WP00NCKUWFIEAHIESJ80B7XSCGKXM2XPUXT7YG0H1QLP STO16UTUNGXPYIFC9K1R YYVRV0AIWISVJC45T7KM AS8BJK6EHY4X3BRUHOUE0FP2H2N YDST7TRWXIFXW7DUD38UHPLUDMIYOCJSW 2FIISP99VSNNKJNXAW58CJUWTW4RLEX5NFMWCYCWOQMS9GTH774KLHNSFRFK9LWE1LGH8GWC9P9NWPR9P4MBHC3NDKTHTSQA0UH52OREDTIKL2FQM6CN0EHT1I0IB4E5M9N76SQVYBWAA R970J1XO7G3V96KBUB74IBPKOEDME0PJS2WF0CRRKPE6DB8T4 ET3');

insert into NETBAR_GROUP (ID, NAME, DESCRIPTION) values ('0P UCEQ2 C03Y52567A4DMN9IAMOG3N2W6FIM2O6AT 6JOLHGLDHQAN35J5JM8DY DFB6K3647Q7E43RCTHM6KC6REYV0JVGEC3120Q 14Q05VQN27MS69M8MDVL8IXIKWAE7WK  X4JDHWDD F95FHDERCLQYIIFMI9HVP6ASMQHX2MA69ECF4E5JFV WNI8VVFL C0SNPIUEXNCH1H WUJCLYC8OM OT6Q7IYKL9FWQCB9FGEY6S5KVJ93PXT ', 'LS4Q 6C1QOBUY560067IY9N4Q0F1CD7SE3C84336NEBHRCS41VOWMW9J8Q8N15YLXMNB7T9EF2YKB1KHT BNMB4KN9TE3UCFHOE1JTTXTLX7HU 0T5D8QID5IC7FA6EGUAOC9R D2KLK3MN5 UR8KU8PQI3VE6BD4A9BJK4 RE UTLCVOA16OW68L0UY34EFUCH2AJPHXAR894XNMHFNJLS8UYFWVN7E UFNH7F5 79 X0IJ08SCG4QQM8JY7KCJ', 'MNGJK3AMBDFICGG1XWX2J71N8NO9A2W LOL6S10M7J3 5Y7IHD42X B L0MB9E2A7APLGAP11ALCGOYR54Y3OIWOJB0ETU7NQR8SW9E NHLO586PFRNMJSWQK8XOT6C9X58R9N968QI41IHT9S3747NKKC0BYDOSXAHJNENTFFBWSOL00FWF BI4UWNHWSHH9TB91S3M7TQ706FUDN8UL13Y60UF8 B4W5T DB7X0T2B8P3BKA04AJ43MJ9FETT07FOWGUTHO6BGVBT03WQWDAH3R37RQFSYWM960FWMHH4 79Y0XTLW  92J5NRKA6C6IJ0MFK900S8H41XH8FT7NMNAV7R1231ML8MVI5SBVAJVRTXH0RE0LX0R9869RVH77OB6N13XY8CCA4Q5VPGBEQU34LE7OVLAESEV1UOMWV2W4XI2B4TXWODXYYXRBQXP19585BJP566D G17JFAI9MD53I7RK6FMUD0ESD6VXO6JT L0ORSPWI37P8QXI4O');

insert into NETBAR_GROUP (ID, NAME, DESCRIPTION) values ('XDV4X02DC2JX9J6QVGN6XAOU0RG4IIS3F92I6AEI EGNK0NYDKOM7U87GEAIPM9F5 ITCJUMXA76K3191N3RSAR0AG2C6R4MDTN3Q3FTYMHL6DRKFF63GLD71MWTSLCUUTKBHPCTB P26QHCHAS5S5C8LHF2A76TPSYJQAXTLTUS9CXIHIIIDJ32AA19BVWRIF9VH4OJTBL 0N M82KSON88T4PPE70G62GELQABEEBW DSOVRSK1NGQCV4L1177', 'WXS9XC2TSWHD88C3C3OVRV BGFHGI2MQCLW2B3LSKX2QI2RFMG8XKLJ3918P0K0AHLT99S6YYKCE 2B57FB8 CNOF7F1WRM5WF53C32P0Y8PS5QEVWGL0EM9OXCWAOQOKFATYYP 6XD4XDUXTMSQIB0J60YN4JSWVO7RHKO8C610D7OWM24HAYGPI URCXC9M2I84HRGR54W0BD2AGWQ2HUJN68PQO7R 6HN3FV54198JO9Q7VABEB4BXP300W7 ', 'O63BF13N78OL0W009GX7 IIEULN3TJLSU90IA7NJ5U0 ER6M5KCHU3XM9J U0CUAL5D2VXH0MD9X77AACB3MJV8N2W4LXX7EOJ4GY32NX3M2QD8FVXXLCF W8 N VG7RE1U87X4OS701DM6 4CAGEL B8RON5HKKC RW9VHSAKVJ8LCF A69QG5DT24CUU3KLHR2KO68YWGAG96QN9C4BEK39HGR1LT0KFDCKEBSRNJ01V8HUJ5604H05CVOO3TQ5IUDKB9RY3MIWV8OK8NJKK96JT5WN0G1K7 US0G0C9WLV32 A6HGNYG8WTR8Q87SIRBGCEJU1Y42OLSGW115VTTA01WJL1MD260X9MB7LSRUXQKTO6BTOX506 APTUKPOAX2I3OI 4YU64S7AUXTHEHL2XENWHWA9OIOWKQQJ4FXVPYDV 7FLJ1RPWBC8 Q13PXK60RD2QO5DNQKUD4 613SLRTR4PCJWJXL1Q5FQOQFXGXJ6JAWDT4GM3AVT72S');

insert into NETBAR_GROUP (ID, NAME, DESCRIPTION) values ('3WBBXXJV7WYSKJI8X6RJP N5E5L9KI9T0X5Q6SEMFA6 3EKFFONEVFWMXE40B35N2VYW Q0ERWATRKHTODAVMYEQ8U97EHYMW8H1VDOL7T9OQUYNH76PXVIP4FE8XN04FD F9NS58YPX0EVJ1UHOPRQ6QYEJWVP43CGDJS JQYV2LN7PXS LPGREM WI7QN4M0K7WA Q 9PHA94Y4B6DN5F5ST4PO1K4A2KAJYQAL2RQV8 J2F7T68OOLK1L XEO', ' W27M37O5KDJ5P2QXDQDV0XPQTNHP2N15HA5BORTX2U7P13VOAHAT40270Y OI9L9MNCY6KHADJIHFO7EVJ8417IBSNSFFV4NJLUSYMU0A5JDH9NLU3PISMWMXR0UIIQ2C7L1P6KAG3H61GL7M38LQKP0XYVNTD6NV6PTFJUSACHKC01KG3DYGEVS3MIHMSPWPX82C7HH MR6RUHFCBR0VRYPHR7XJ90T9IBPYVPTH8LI21YX2M 54CYU 16FFEG', 'R30O1AGH4GCUOUJN4U0L71U31BTRDFID73ARLHFL6CWFQWOPGC6GK7 JJL4IUKDF40HR5HXFDFHA2WO39YF0A3I79VL861JKV61OXP 2FJSKJGXQ2C0Q4PKYPX906L0 5L0J5SS9MA7DXH31TYS6PFEAQ7U2LAYE446DXQP5I4PW 3W0U0CWKUG6O2MK3ER CEVB7S7J68 D9R85WJWI7U93ALOS7IVLPS6GXGYP KE2A78G4ABNXLM3PLMYFH GMISWWKSESVW7GG3I3W5X0KDRESTC3HVEUI2WV8O TP654R7EROJ3OGL6DJ7CHXIUIJ0LETPCQDI8HQ3SIRDUXBH0Y2E9SJ0M84AA2Y7VLYVSO6GS434YSFDEWEQI3BO7YJ86BMMHUDV8R963RC 66CU2C85HDHWI3XUMG HOC9R1ND9Y10PCU J7W77NJNA1F5RXRKMED1HN87U3XDSBHF9LHK7HEMLT5T8HD6W7KYNJ8S9TTFC R41IJG0INJPC');

insert into NETBAR_GROUP (ID, NAME, DESCRIPTION) values ('NWG0IS98PFCB0S79J SUSEQUT46PSR5VPRTTR7T5S2AT9IHIRKEGVMT O6RNK92AXMW47SQ6RL6T47K3CK5KS7E Q7O1RCI338NHMFLYVC7XYYFGC5Q8SO591FHHQA0YH8NDNC2NVG9S156K6AMF URRYTCNPL83OV3DY000UTU4MH1UPOT9FU7 B949U317QBW0Y5E8C44MRUGB4U2U22JVD9B06UFL4HM 4SF5AVY1HI0H43Q9R501P84PO7I1', 'QQM2L4BBLL68Y9T0M7JQNO3GS8QRCF2UE2LOFXIO3S20ULJRI49PN9 KGNV9YY7K01GCSRLNYF99FPSTXYML8WAX6G11GQXG45WC98VM7KPCSD8DNM56EVBPRMKGWSI0QP7WAARJB4 O0RQ2WSY80SMKBXD BBD37TEC66UU5REO1AB59 VKXGVRFX21KY5ACC306DWK VVUON5COGD2S2W12XW3IHIJDXM8HOT6HQYNQTI M7KL70NPM2RPS1FF', 'VE9NCUE420G9CB0WK0685R STT89YRORM4FWPWBSC TD4CPQDRO03CFRH82CR QOTX0N9029AGAG1P56U1 AX4SC68FAK7869NXET1586Q35HI9L00U2UNPYW1TTOLP 6SQO279VR 23R370AMMF0RXI1NGJCQU99QO1MY9W43R 156TKMEDHJEHGW67OFGSHLO1Y15JSSCJFNN21HW17E6XABHITPKTB98CGI3LOHMHYR59EJIK1 JB9BK8N B5NEKJHODB5H4LH1EHPU72QATSC0751W13PIID83HMWT PW9CAD9QS ILX0CW3TD4I5TMHTO2T49 NWHYVBFFXD6LU30SYMM9T3D1NAKVTCGLB32HTTQ8RD2N8VHMK247X0YMML6V1IQYK2M9DJEUJDAS9Y2VVMNWAR5S8J94H BUD83T8KFLLN66NGSNUOAEWNCR9WTXMK3MOYORNFJEAGE5PUHOGKDY9DP9NC4NHESGIIT E AX UU77 SEOHG0F');

insert into NETBAR_GROUP (ID, NAME, DESCRIPTION) values ('P0FVR9D0 AU5OYEGRHUQA30JDAA58VMVPE7D25QP6EWS6YJTIV3EC32XUDD4LP7YTVG65B4J12XQQMGO7VTHGOXEX6GHF XO4GC23YCH3TFXYABP5X0A4MEKV6B5C5I 3 PSTGBWB3H9ELJ219C2R2KODPF1U WAL0044K4S21VMHGLIXS45NAKFHQV2AK7MYYFYTA2N3K00K15ACBAU  P3O4F917NGUWQ3IVIILF0FXT057EILW2IGTIHL9JNV', 'U1VG45NSPBYMV1XTU481Q0CLV79D30X0TTI233OY7EPBMV 9LRTCS170 2LOV28XOCRJ867STLSCI4J4HIEJOCQVL3O9M7PBABKCCAT U6EAVVHVJKRKNHILPH QMNUTUDH15M5N1CFV1JYE6U9HTBC4PBSR6WDN SS56N4KHYDP6S76A4 D9W4WECV1DS4LSPB9Y3OXPPFKEIM82UNAYOY 15SBBD2UN0M W00KM4F5P0T36DMFO91W94NCX1D9', '14S7FPVL3X0U0AFTL0F4VQ F51VLJI2 6CFXLGB3MSQSK58QXSU3GJ9A2GTASOV0OVYR8GVKDGOF5OOI4JRFF103T LT4EA7VXSNM5J66QJVNH92PWGLI9DUWDADEHBPIN0N 6JL79N9THIVLCS5CKJX74J4CV67PTBTDK712H3TET8U63DNGI0C3JR7MX7Y1258SI18TKIQYXDI54DOC1BL9PWXS7VQESI05LPHVH881JXWPAPWCA8QUHNIBLUT674AAK0L2YAN1O6KD4VYPQMBDIB9J8W258C8WKYVMK999LIN4 3JN2JGS7WHRJ1SHN62LYL76MIEXWFPB05D7D7RGT0K48DXPYA1XEA T7 G7ENYR4L8DVYG3AXWRA6WUI1ECTF5Y79T4A22M1KV26B6WELUN0VM9BDH6FN6I9NXMXM8H7V516 5FQMXNX1MRCYKORO1PU39K0J8DW U1YS7NK9LMWFVK5120KE9854BOK3CN50XMYOKY1GC90  ');

insert into NETBAR_GROUP (ID, NAME, DESCRIPTION) values ('EUCHTX0W54KWQL7GRB0SDPMT79452FRG3GF068CWQW4H0DU0R6SUDFS2JK1YI3OAV9QNX B5RVQ9SH77CWE9P 1KWCN6I A02INEFJ1T0V2CWIQY053J2EF8SE WWULTEA9ATKMJPIIX6D2OPCS7609I56QBFOTE ECB63HKH836A6XDRQ0TIFYE919MPS90DI8MKC2MB6HAVF9IYC00KK2EU1J1DSFEK 0BTU2 ND0JDT45EXOEPKCI219VSIYU', 'HFY CQEPKET91QITPQYWANSP3ECY3GC4ID4XGSC9BKTQ6HK 3SAWE1R1XWAWLIGBE5NID3GKYH6CVB2R76 PL O OBM43FB88PQH6TJI2QE1RM5RCB2HD9C8L55F6POTIX5MQDIJLOJND0865F5L4YUYAOBSC4IH3CFPXGHMWHF65ERRSGLC5FAXUY740PV8BDOMI4P8S3GJG GRO6B1NA1ESSKGGU1KT4P64MKFE9PRJ84XR5Y4PHL4XSURW3DK', '88ND7WXW670MOSSD5SR8DWT231QQ6OO SSBV94GJ0ROP299O3GMRNRI2A8BDVKTHOTC22UDBNFM6DRB42HQFTS8G544TTOONP2OFC 7UEI3OYFV451TA4IJNNWNPB7V545THUQNDX6XU4N1LQ4BDNT9L7K4QMO16JC2S5JJJEAOD2122NF8PIR9QM DMWX0H SAWQ6VMAKIYVLEG7GBGMRO46PX160SBYF1G0NUEKH8DKILD IXOUHPAF2WTGBII9WH3BAQ5JADD2AEU3O4LYWRAH96OJHIC7OIIUO0QX02R5ROG TKCM6DRP56I9F9PF NDQPBJWH4FLXGCIJM7FW9S0I25ADC 1W1G IGF09 707 6Y98EUUA2MSMH6TJ3G7IJLIBU8SR Y7J4174892GS699EFITIMGKDDH1QV59QUTPXSCK 0YYPSY5WHJ87T3BU1DUMRCVE194URFI29441XRYXL70OP7KSBH5J12P T0LLT0MS4IFKF86J05M0');

insert into NETBAR_GROUP (ID, NAME, DESCRIPTION) values ('U0CITEAGBJO69DRUN3HN5WODFOQCE4P80KME74PEJ74JUCIOP6NF4A51WEWUG2KV8EU6ODFN0PNYCC AXB1HNQW5SDGP40QO20P4QSRLQ48SW7TU2F4KRKCVWNNBH F3IQHHTC576CGHI2W0C71GCB XDXF3K920YN7J985X81ME6B80B5M 5WIIQTEI8DB 6NHOCYKR4MN2QO M0IC YFPE0LT0A6U DBM76B98KB3 X4G3TCCBABMVKFK4GRKK', 'QJ ACINQCFYUKWQLBNTYD7LGKE33HDGTLDLVNMO8KWKWM1EL4US KYT8FQ1J6V0D92AWD4JKIRLYNYHB8KIP3H8UKR17Y1VX4XIDUE8VXVS5K8CO7I7LQUX7J957NM4MW0CA73YT3TGO5TN3 4R82C7R7P2P NV6O5HPL93NJ0NO3S5JVNS5OMHHWE5YLEIU2 CQ 233CO1E OQIN1GY0JCWDGE53HICYV F93NFXR 2C4I2G5NAFAH0PPGJWSJ1', 'GRS3QEJ AUHJBS4KAE5MMAINMSTPT9JSJG2QQWQ3IXL3MPTLWP2YO0656LML2PJ2US6MQ6KH3E4QQ000QUXB4DEE6M 8N GJR2IR K4AU3SLHC4RCF 6OF9D5LXSGSCC0A75PUK7YNWUOKQ9NY530J1G026G75C8OCXVYW8F2IIN1UNH1M LNB6O291EIEUDCT40S0NO6TB85NSY6GPB1L8I1CJV 4AL 5SO1PHAQJMUJO6OA87WJLY024C415D5WHN0KTI1JGFRKX28WKYYGR8RN9RG3NVXVT263EP9U4D9MQVPYR78XT3US6R6D2R72V1E7V8TBSSQVM2QV SE0SSXR3 O236Y269WHUC4 MLJHGFHE559RYM4E QBAPCJV11 BAI3AGG2HDQLQYIK W65SLXJ07RYTKCX3EA64YLRUS2CHUN5JH29KJ6R55YNRMU21OGFQKY2DEJGL50V3V67N3RHGCPOUUTRAXWBTI5JV5H7HURLAFF9FDJ8PXXK');

insert into NETBAR_GROUP (ID, NAME, DESCRIPTION) values ('66KJUCCDM59MGW59KFCYQ9CR659EDJLUKDX4CE SRW LTJPGFFTSO97F1H3EJ72D X EI3LLX5UHKVWK1OVTGLNQRV REOEC9MMU5DPGE61W10O0FD70BR94BKF2983EL G0YD IU6GHKB6O2G9GDNVH5JM1EEURNEPGHKBIG2LYAHL3QO47PBCD2NFDXYH6FY9P9QOPOHN0CEE8PHFB86TQAFCRY01VGKNFOW7UHWFDQC5MN8M UWG5GAK0DWLO', 'R13 A4KF31F M7ORUJXT6CUGGTNGDEDO6E0KS9TH412F26MOSKG6GDG9K7 7TS0PFRSDBWIFM16QYLWGOB26CFI4E215DNJY2M1NHNYNN6PBFC789S9ITTE5OE5N609V3A5OOHL4NCAKHJEPQL7 R3M3LY7563MEUU2Q8M0AJ57W3LH3OAPFY5U5OBV4AG5165G7GJY4J2CS37L6337N53X3XSD0B NS8WKDG1C6BBCQAC46E2VKXCT7QHLC R 8', 'PO8FY7PWGTDMYCEF0SO8MX18PA4IHAMDCBOH0T3T48JY8HWGBL5QIA8IOJPYC32R6SED9FG4PB726ES52MB2ASJYXI74NCLU2VDLJX9HJGLM670YA2W960I GI4NT8QA634NJIA3ARK9H9NSEUBACRYJOJP81B5B6SX5UMBO44MOC8049ONAU4R4EDQKGDPM44MMX1DGI9XKT3HY34KBKJ0QVMQE6IFJGYSO8SL7EMDOX1MTKGGJGM WOMWG43ET1 M025B84HFTLL7SRQD27D1PXI1J5RYS4N 9MR1EEV7RMJ2F3U05J QQ 9MH2FKCC9D51HB1ELJCRY9WGDNY00S4QJR5JCUUUR EDG02N9VHN60U4RCS380KFV9F4YK721MSI40W57C2STMGS8QW8PH8QGK8D2OXVMR5C6FI7NP0NUOGJQ4MNTCVPFSIMQ8YMXK9LOIENIDALER3U1HBL7XQTJN889ITY2T1YVNLLIGXU0R5OOFC6SQLYGKFDAWK');

insert into NETBAR_GROUP (ID, NAME, DESCRIPTION) values ('IX383D986MGVDSKCL QB9FPOKBVW3BIWWGFUOPAQINUA2KJ 1LEJ704W3HR8W58EAG7WKUXONTFGKP3OTO U95D WHCWGLEMQXJ7SVY 3PN9IKG28NHIUNBK7SERC7RFQNBIBAA3UOMMES CYQLUFK0VOOFR1P8A59 MYR2Y9X4FP9583WK49AMMD7GT 6Y7B3PCGBI23DLOS8N 4WDPJGG1T7AYGX4OWC8LH81GIR3DV4ADYAO EY0YU9C5NL6R', 'NHEPB68H0VE999H D0G3SMPAVB5NW58EG4JL AUM2KFYNICV9JE56XTQIY8JKWLX0U9ID0JRDX0CXXHRO2SQFHOE9TRKGXFY7DGX88WI9CA4FKU2MPEURUWQ578FVHA68BQE95K2FV6XIUKOKGLHBV6MJ3UR22URQ0BG18F4 I6EAEV3C1GR5MILBAH96JXGRJ2N37FXFVHAX76B6XPR7JYMMELOAXKJQTLNS5SAQHXCFH2WQGPLC9QA5RERBMUS', '0  CYBGNN5PWLDMX9094DRESEKN57PYS9E541VMMUPHAXKHAD3V25LP5T0LFPPEKOT3CNM06I8V7RXNL4UXPC2N3DSSFTQ2KKI7Y00OFGMJR10JR0XLIN8AIIM89DJ1YMJM0CQT2XGW3JPS8 RU0PFXV50O354FG1P0KQQRBI6YFX74YDM6S38 4MAG5RTN9BOTO690W9YEXUXIHYHVG9J1TNIKMR755FU1GLU74JRIVRM SV6RMJJTYCJNSN5LGPDE3RB7R8DCJ3ARGO8EY8O73912YQSR Y89QFQ 5JAI776AMB0X4HPAECFRFCJN3A6NL8IM65VC9AX1U7O8WDL8GWWDLM5DNBP7WOAE936R2HBQB25S0WNFFRF7SOK75169X70TAS3E UJ8P42S8YHE20U6IH3KGSNS05VFQ6AJIA JAY  FBYRI9MW4YA24D0HFSD LG732OBUQK4WDP5FLG5M6W F50VKL9BEEC1O5RKFECIL0QJBL IA509K3');

insert into POLICY (ID, NAME, "STATUS", FDC_ID, START_TIME, END_TIME, WEEKDAY_ENABLE, SHOUR_OF_DAY, EHOUR_OF_DAY, FPC_IE_DEFAULT_ADDR, FPC_BG, FPC_IE_TOOLBAR, FPC_AFTER_LOGIN, FPC_MSN_LOGIN, FPC_QQ_LOGIN) values ('I APHOW18LOBF4N0K2289YNXL3M3925JIHBV6IWR9OG435HLKAUIQ7A6PUIGP746WQA01UFVC4MKM03RP4G12Y14LYBX9N5P9DDMN75J54VRYCTX3KDRO83K0FGI51JM7M8384P7KCAMKWTR00DFN4GMUOQ183ERM8XIO6JNK2FVNC86VIRJNP2N8QD1 JR7HGVTJ04WC16Y1E0E7L6D34UDE50XK4MAY3XN APA6LW38X4 SAO0 KIQP OTTOVP', 'S1TC600R8BI AH53SBW3VTD40190EAQB1TYI3OWJSUW8POS0DST7XR9GKIUIKUV5HX7 294DBY041S4V5R18 WAE2UYE2Y9F6IBT4QSY1B0ALWXJQMHKXP3ARHG4NUM6ACEW182895J5G9X5WEJHCT9Q2DP2NNLP6L0T5RWII6LUA1P7JJWYER7ML2D81MRMA23 KH89FPMEDHSDQ3QS08A42KNJJ2JRB20KXJVBUJGJRWKOPNLJOUTPDH0LF8B9', 2, 'E5LCX7921H250WO R1142CITWSMTARPQW21RS7XGCAET EV8OXPGNQDJKJV6HFY8RX66EOAMPJAWB2XUQO 2U4Y2TBLG8S266LW68AHD3NRNFV7XVM958Y32YLQ1J3N1XU0N094744OOWAICR2S7J840US3MK2O3HI6PJE4H DVRHC1QPEP1PGN34FH7M KEYI0STYWBO 212JEKM 2PSQTB02J 7P3Q5R2KYQ8LOFUXQ0L159UK1L1IF7UJXJIR', 9, 6, ' 90IPPL', 5, 8, '56HXEXVT8B2IO 8623U80K8YCMMJI4ODEYA5IU9NO7UB58T76OVXDU6292R5S3OB8XKUW8DOG5D83ENC7MGUAVQR20W95CKMWNX9UFL1IHT0O9TQ3DLB02WDX82258H50FOSL FB9D1CYRHY74XOR5RTF7WSEDOBOCTR9RLQGPJ Y8088VPBK3MIJ8SPBRM2CAXMXVXW96GPJ9Y8EEWOH6WENGM58LWTTXASHRH2AAMDJPX78736CY70JQ4FDC9L', 'LE2QAP5P9L5YASPLADWPG37RIMTIT0M55MBFN3K1IXSFTJQAAS5K 0QOD6XG6DHJKA9VCPI4J14A3EKJSPKSJ92KYSD0A05LTO93GL4S2Y1Y1TY9JBWI41 J4YU4G3G 9WF8Y2PE6M4XHKVSMKISOSA89YTS1 FURSFEPQOVFOOQ5PF2I6FS290T1VC05DBUHYNQJGOOQLKUOJVJ5ODOYHE0NI6VX9E61S3F5FFRGKCVNPN5TDON2RP0LIOFDV7N', 'K32KADCJHPCKOWJEXFVH8OPHND99ETFTR23KUP1OHGXVVAUYF URH02HDWIF7JDL1Q74AQWM1N3VTP1OP8DAA5XJL7YKQH9OFBRBNG28TDP0HO EHD74N9XQ6SCKDTWMBYV8X8UV KFTMWKKUDPDHT0RHW4FEXEMGF80 OOH1TGQ0HX0AXW5NI6Q7MC70HWC4D6SMM5GWNQBBQC8QKJNVFLEISRXAHR0W8QQJ80SY8T40877IMW1TULYY0QO96HC', 'I2Y3EQ9ECN9HCJ0RW5455VOW0E9U1G3YBDRSX4AAVFYXL4LOK95915NTT9N52VULB NXM6H 0HOOVYJG12NUPLY415KBY4TKAYTDCOR16O4WV8DNQK4RV54OB9J3V0N8C21WTQ4N9MMU4IUFIFOU8 OXQMQ6SR4H2 SFNOSFKS5Q5JRFL43 DMHQS2 DPS6QE07UE54LQCFUCE6VP U3RUELB5RGGSX QC 3I2LTW9OJ H9HV  4UOKGN97AQSMP', ' 1M F 6EP0FMLGVT77KOLYIIBHB6XNQ44JV544W0NT5S865I7OITX9G95OUW7J2SNYF6RPMXLQCXX3USL ND9 3G97UOWQ728BFW6G7T MP7BGIBV1E5D V BCU733SB3GP53HQQN5KU RV8UL 0XJE6D2 8TQKGPYOS44EDWQX3GUR5S33VJ4G0X75H15IV27HQU0IXFJFA2P8ADT8LOHYWVDSUL1PLKCXXO2N4BLFO6SEDNTH5QP1VIX127EE2', ' NTBW4WNNXABOF74BVN4BQHUMOC7O 0HMBP5PMRF8HTPV5M2NV639U5279VJ9MAXW3AOYYALKVPC40K6PVABPS5STVR99HIKI1QQIYBS3YNH3AN4VVGLGIXX5RJ1RGBRNXT52NX4OD0ACGK01JRS683T9 DNUPGFTE0R9FA9MJQ2FB5HEC2RGFFENB3UFOW 0TFJOWRDLNI3N FROLQHRUV56D6FC1RDKCUDO0V7OOMNERKLXBXVJLI15IS8DU83');

insert into POLICY (ID, NAME, "STATUS", FDC_ID, START_TIME, END_TIME, WEEKDAY_ENABLE, SHOUR_OF_DAY, EHOUR_OF_DAY, FPC_IE_DEFAULT_ADDR, FPC_BG, FPC_IE_TOOLBAR, FPC_AFTER_LOGIN, FPC_MSN_LOGIN, FPC_QQ_LOGIN) values ('BGEHXMKCJKBECNCNI8PB06RXQUTN707D1FWLURR02AKM7GFJDJ5XJ75I6VA4UYDHSEJ WFEEKP8EA80XLUA8JX59VPCPKFYJ9ASHXFCYX892OTMIJDSHOK78VLLPRCEBGKINGIIEBT T58P6OTRL9ILUC765KN5UF61UJKKQWY7L5DM4QFPD92HOMTJVQBHHFO291E995P33R9MTH ICBM0P69JHNDMVV3OTEY3ILK8UPXV0XUIUOL62NSHDEUOU', '1EJJN2IRQ AT3KDFVAHLLAX2KWFVOGELFFSNPBS 7XUJNVF7QMP3MCP9UF9IY3WFM1EFRJ9NKS3TD5UT0T4X9P5JK99JIJYSVOB66YBN8GJHXTQEJKUSM64J93KQB7KXM9X WVC9SF18KAYEC2H6KLF2L4RLYJLEHB2PLOKX1OUI71EHL42DJTT9E5TIO1U15VV1KO6HURNJFLUNLYYDNOTLOG3KE72YJE CQB6XBOJBHGX5UFY0P30QJUEOPLUL', 9, 'I5R2A5B ACQ2OD24JQX7S6A6VGVPMCFT3PEIA1QYCB6FAPMMPT3JK5TOMG0K7LV2OE7HITHQEYIA1QI2821R3OC6HVJHR59INACSQG0DNY 4ONBUD1CD8H0K0CO4MJGT3GVJXF3MY1PS0650 BI2XSAIDMHH4QPJPYQ45P 3SWSB1MFJLIYWEE4IFF0QV9NYUXR7LVA4CA63WQ02GA 6WLVTMK4DM7D4KKRRP 2WF2PRXU51E9SIY78G4UP976AX', 0, 3, 'IUQLH9O', 9, 7, 'FPTPT3D0JAGSLOTVPOKC098AFOKWYULXUT4WOUY F85VDMLJ8V7N67XUXRV  40U4AFWQAPTPXFHC9E1LRLNG8BQ05N3GIPYRWN9JY9UN0QM IIQXXXXDYNK5W7O9N1DN7AJLOEYUT68KPEHWW53CD9H4RF85GLR4KMF9J2JCJIBDDPPGVQRQPP56AWAU409U4GIUXDJK44WIB5C2WWMRHMSYTVEW25MYRDIJIKFDB331NOWHRIDKJW4IG64T302', 'UUYNNXJL87K7UO9BQTAVVHWEIGSJLCGD1PL3XSNIQW1LBE1 88UORLYBC6AUOC0VJO 4487G4XGNRIOY3P1KMA5DDEPV3TTO1S9I0320W4FIV9QUQ3BD6HWFAEJC MH5QV84BDBCX4DG74WT16SX3DUU57  BYT66HDTPG32GC8O8X2H9DA50IRLHMVK37Q891SHP TD70PIER711 8 ELL348OW44B7FO83RVY08329XYI9F2QBNQECDEIU6PVN', 'S6M3B08 YMWSMW5GC51L0BP8FOBLS2QN9643HMU2 KUWHWUYB0LKYRKGD08SP BQ3 91G43LNP85UO8C0UW8 A IGYTGQ07VK5N7JRCOXB78W0DOD3XXDDWPX83SIJJ0B NY 45X5LMUPUFMPYA0BOG BEQ1J7LIDK5NW17I4F0Q9IRCTFBVW7WQLR1HAYTA8STPCOD41IGQGLXJT9WW48PX7E0F20SUQBXJ8FNYGCTM3XKEA0NLUBG2V6B66U95', 'SXN4CLXEIAY5AFBIK B3WG7VHK4P92MXRG7X48X3I0T1D4VRNM8Y5TQVW YMK6K89GFK1QJ87QKN8SJJG9TSPNN1F7TY5Y4N88P254XM9J5ESW5PN3ROL5RG0RGNCK6U3T4JGRDPVC5RW9LNB2HPQQUTYXBQGCRXN1C3U6BBHTT99V29 X01Y609YQG7O13M3KRW1CEY4D1EJ2S0K60T0IDI71L43LH41TD5TCBK19ES9G6VC4U8K0AS7G6JP9G6', 'XCDB GE62LTNXONO2XMK03WEI O2KH0CBWYW0PNWJ5ALGBG JQ0SRBYK0I7Q7W4YDJEQXJDL3J2VSWGMCORW27SXH8PYMGE02I3US N3FV5 TWFF6WLYX 2MWMXQ6BR3RW3BLDTSO22DE4DS4DW3C3O9JYA25U8E9K3B8BBLCR3K8KCMPTOF3AN15AWXQQ LT4IYHPRYDE520LOETSM5XK5NVHHE0YEV  BG1OVT37SG9SQ2RJ5EJ9KB84EK0SY ', '9XO8PWAYED34SBX6KDEW1YLL9VO54CS7A914Y3THMBHV L DJBILILHUMEB173X88VN2LBF1PT3B RDG4LD 2DSDRTUU2YFA11W4QMAIBYVWQAVA DP6PH7AKL I225Y5UUEBCN8LNF30 H98KW9DDL8D151IS3EC37081 52JYELVAAC YDXS EX7GGLVIBUGB3ANWON3ED4AJTA3LO3SJHCWMSD7OW8B9V595TPJAJ4TPUB65DIMMQ6R06V35W');

insert into POLICY (ID, NAME, "STATUS", FDC_ID, START_TIME, END_TIME, WEEKDAY_ENABLE, SHOUR_OF_DAY, EHOUR_OF_DAY, FPC_IE_DEFAULT_ADDR, FPC_BG, FPC_IE_TOOLBAR, FPC_AFTER_LOGIN, FPC_MSN_LOGIN, FPC_QQ_LOGIN) values ('A0E7P5JB OM4EFFR6SDYAFYBVB2QPUOMFJ5YPX U7NL VVAEK89LRK35R6DI FKO4B8BV9QH8L1AUCCHI3OEBKEOFBWF7S5QEJED88XWB83NP1CXMSKTVXG666L1417SGVSXKUO2RQFIF31VOA93 8V9EQQL1FC6NLXM76093W00QS SJ3I9V21VOI28 55HFFRV9DT Y A5YBPEC8H2F3C4RIPRMH3KHPOUDJV26R3O1 MOAAQ45X2HKC6VAQIL', 'Q2EWP LOM20L968HYUCW42SNBOWHSRPKXFKPS59A50X CD7JR4OG0IINGU8HKB3VHM9HUB0PH6LTWN9C5M0S3FD8KRDVKXCQXDRTH G48RR7TOPC9CRWSWJ9EDRO 7OPYUO1XP9 BGH3L4O6DOSH5 1TW46QNX9KFR2A32W1PHB4GPBRUPC2XQTB43UK2R5E9FDHHPRBJN6T76NDBW1XGCSECRFLFHBKPMF8C96559EEBAJHGC 6RXN2X7XXJWLR', 1, 'J1D11NRAH 6AJUIRX7JR5ND9Q3FEP9B 4K7H9062PY9TE4679U92ARUSX6Y5B4PQAFPY9PMNUTJW9KN75XUWB0LGT0T6D 5CQVBI1XQDCJIA2OSD597XBC E5JGDDJRTQ99HRGK8A1L0WFW1CP17KATLDP8W00 VAWTKSHL3HB2F0BOCK30 FT8PKIDA48R4 72MLUPJBD56SE898CPUIJTAG03ANIEU3K0WTV7 T9Y4S82HHDKMIHKLG8FWQOL5', 5, 1, 'NEM8NY6', 4, 6, 'Y6H4G738YL3YXSCD 12R8WIF95F317SDSTO4KAIF1AKN0DGA63PIP LH3JSYVPQUS F9T8J4MFHA2EBQ329FVFHN834EI7DCNPVD0T2W6WJ4Q2JB6V7CH5LSE3Y32LA7LRS9V55WMC4CNVT599P57CL8MJGTM BD4RPU2JYR76669N0WNOHOOJ9YE8FB3UC763O 3NUNLKD  G3SXF1VCHHFMRDFBWHQ5XINFDDCWJ103OBI8IFOM8DLKIFX140F', 'DC5L8A662CA935BDYGJ639FVXA77W7RKCSM CQBQLA0XYA46FQ2JVR3PXT7XU7KJVGEBBYCX4AHMJKK 7BDH64YFUQMXHJ0LYOVL5 ENCFPUSGEOWE720KQ5MH758CYF0I3YV5S8FK60IQNLOVWEAJ9JKEDLB1G4TSRHD1XMVF8OGFEO0JKNVSLPFH7AYAPEL58DEKF8MFQC8VWDTWTXHBXFBMG9810FY0KSOU210S8KFPLNF82GRFJWTEHL5KW0', '4KDMG07SE6JAUOJP80VEXBV4UR74PA5Q4SQHQDDW82SKD8TR EEU1AUOPLNNRDIOS ALRRM3TTAD5CJDD0VHSOGSHU97BFLIMWXK3RLQB1IOMY WKKHVR5X3LKB783QDI56 752OE4IG4CN85I4MBOLPUHO6AAHYQ19FH10B273OU24S53BEUH0BG6 M66KE1Q1L8TIMQAMF X6HYB9TJ3U430G3H8RFI415N5T2A26PJ2QTF SMLBXVS2Y6Q749', 'PWGTS EMY2GOIUVTQOGI18AT091HA5TPHJ3BPIRUDKUGPXU JREAU81RL9WOIB328AGHBANSLNC6XB0FVDEPVXI0SKFFLDH5O6O2E3 145P1U6YP5G MW95HAE4FO5LD 1LYPYSQTQ7A03D 9O9VLFKI5S5FRT7LNHM W98JXTW6XS3YFK1CKYL2VIB6TS99OUW3GNPM5KDY0E7RBDQ AM3KB85JOTVBEA86V0PQL0 0I9T505GQ6F60T9Q92V9A', 'UC70HOMO987CE144A66HFYCU7NQILQB7S6IVDG0M28ADUKLNJJFM2H4H485FMLACM78B2 C5 TK5TR060B74U1R3RT0HSHUQN  NXLYD2A8FIDGUNWHB0061A5DUQR59GV475TFXMT4W0F39UIWJR5J79SUSY4FB4VKDWIE GBQB98BMA4P77E2 O0TKXF5T4YXK6US7RH7H7BMK7IWPA28EXX7IY X89QI6Y6KT3TD7MMPD471IXPLVTEPXC8GJ', 'JVNIGEN10VVK2ECT7DNQQWQVD7PN02KK74UAOQGDNW10A56U2IRY8II8BEDFLWQR2RVH8BTE869K2J4GF9RDEJRMPBENBQNSDDBEHE47O3RYLB7S80OAGHFFROSJTWEHP8IDLJWEERDUWHNFU 33M0OJ127BN2BB6HFSRNU663M11CTL 5B5Y5QCJQYA87S68 N1 SU86SMAUG7YUBBWH42UMS2PWHGIQEGJ7FUQ C6E4PIQY0NR2I9H236YXF1C');

insert into POLICY (ID, NAME, "STATUS", FDC_ID, START_TIME, END_TIME, WEEKDAY_ENABLE, SHOUR_OF_DAY, EHOUR_OF_DAY, FPC_IE_DEFAULT_ADDR, FPC_BG, FPC_IE_TOOLBAR, FPC_AFTER_LOGIN, FPC_MSN_LOGIN, FPC_QQ_LOGIN) values ('L8FHXWYKQLO5O21YRC7Q8ACP33GYX7OYQE5KYNOXQCOU6Y6SA0A3JWARKDV86ASD12GM3 JQGE5WG 70LHQ3JIV CE6OBBXVRPBXO8 YDQI55L5RJFRFEW Y UJ3BR2OB74LPODT2SOAJ6XG31YKXWEI3XI0R15EC2MHTN T9IWQJ7FTG4ATLDVTJE2QWNYTKC389IWPWHUPQ7ERXX76J5 9BKMEO462VK2B2N8K0RL8DPHM09GGI78KJ9WXMYGJ', ' OJ3HDD415QWYWUV6NLMKP4HF2SIUUSULGC8GSG3SPB5XU9NJXSX6VS8KFV1J5K26CXQF8H87RORPYH5PUUHMP326 G CQIXG9SD6HC 7TS2D5  1KEIJIF3AY5NRH45FORQ9BY1XS19PD832UK08J4N3012UDSU4J67RL FK75A6MKNFWUPO7DDWGM1DDTCTFQXH65FL2BUTTA4 J55HVA772R8QIF7WCJVWY KJY5GD2IBO2RN YVBN6P01TQE', 0, 'NMP3K4Y68YIXF JPQ79QH2PRK23 221OD4DTM5U55PFA0ROUUUQMJMBFP7OTKYEH7G73SISQOCPN45D9FAXG66NVLX6AE2 RJMCRT48Y0HMJGC89Q5HOAFU0RVP0VYL7GQVXOH L VASU2C L V1TLEIDTG DJIDMVPYEM9948RHAM4BMEJL H9U9GDFHFCIG6OK81PAKA1YXRGY 1RN1EQAWLDTXM5P RMNLTCU6VYV3UKDILRTI5LVH1BXLRFU', 3, 7, 'JHOATMY', 0, 4, 'T6MSFX52MS4NSXXC0SG3T46 YMDQXSBBCL2FBR1KNX8A74H34WH34SBNV1OPJI XBNNJ9N 7A9OABHL2V6MSO3B5VHGSC2ODPNP7CN4T9UE43G23YUK6H9VNTEGYQMCAXOBKK0SSOM ACVULGUPFIPWQ1435YKYSSJ7OSFD 39N8SQ2GVW3MK7ELBPGG8LRKGVPPSPIVF6BJ3DY55KE DRKYQY9UMO2UL3UVA1 F1LKSRE MK3 OMOQ0VIXH52DC', 'WJFYSDRJRJ 0HS21JNBHAQ0WU9CGMF2EWQ449UKS2GU8RA0J9 6AH2WPRCQXFD9DQBOJIAPCH4BXINDR7W04RL36BM07CKHANUQJUYL9YVLSWN6T8TSBEQIOQU8IYBV1CNKHHGR7UWKK1ANAQY49J892IJ 3SBO SS5PKLWC 2OYWT4DH9BA91NRO1O7BHD2I54M5KUBH23RCV4RKJAWLF4RME84U1JRCFQO5QND FNU79COMCOGF 7J4HC8NIY2', 'GJGO32VLCM9FH3CGABDYXNHNVAWSDQEH642RX439IK63JUPHNF3T01D6S K4QOSI0CXX0KAAJYLK3FKRGB5KO26F4L L7SC28ONJQQUTF5QJBK1GNEKI66US2U8FEF7 FHKV95CEHAFQABA6LVW1P2H45AXUU9NPPVMBRPF9JA5V WP2 SIHDQFUD7F4Y735HNFBAH 2QU3SB SV1UAA5G1Y5PPK4I6RNK99QY10PG292C8RBMVXXR V8NEHKOLK', 'MS 8HJW2QUPMO19D QYJIQ4X1RWAO8U6H199JQ3HHO56LL283QNGJ6AB3O4G2I7JLKU98BB85SK597U2MJMIBM8UHPGQPH1HXN2BLDM7GAXWMAEPACKRXAPJ5CO2YB9LVB0IM6DQI3T INPJ62WCALJ2EW8F3EU18GEY7D RUUHTNBUGSHME8ARM E6UBF1I9PLT4S3PE U0OM4Y12G2HFLW1O8DQC67IFLA2MEJHRF456WY86QKPAB42EU4BGQV', 'VN8Q38WLHJPC67ES0KE3X4WFH2K67YPBLXNOC 4SBPARJIO39PW  G3NMESOM8QKIL1KCPP8E5YD6AO4OI3OR46L6KXTJEPV4EAXPWA9YH34KGO7FN7TQREVKKA4V32ECXXEUENRM2U0 B793L4YDC4MO7S0D7BRFI6L7BS4E2W0NESOPKDR 4UIO1Y1QX564BX421QAPHP5SK9FOL5WTMAS7E3RJPEAI7NPL7SRF BIDVHYTGC20M94CD1RBC3F', 'X5TTA82GL0SAL8JOCKL8J61B4BJDGSG7IG9B07TPEULRVFB4C31TL6BVDV4CJOS3KC2K0KK99NBSG0YURHL2VY48T JB5E9OKL35VV IC0F9R R8SEGKV6Q VN2Q6L70FRYN1XS9AD175K640CIX0TGBENL3E67SG7SPYV0 4UUKTCU FIARO2UUKJQXHAW5C1IXU1OM9EAFX4IQHX0R2ILU3NOS2G6U66M1Y44KKSFUI13VYEILCXI Y3D8ME13');

insert into POLICY (ID, NAME, "STATUS", FDC_ID, START_TIME, END_TIME, WEEKDAY_ENABLE, SHOUR_OF_DAY, EHOUR_OF_DAY, FPC_IE_DEFAULT_ADDR, FPC_BG, FPC_IE_TOOLBAR, FPC_AFTER_LOGIN, FPC_MSN_LOGIN, FPC_QQ_LOGIN) values ('BTLXRIYQVWO3C79UBHBBYF2PJT5YYRBY4O32OJXVT1XU8D8CNHC3 TTYR4XXL468OBEHO8YTDSOT7SR5YNM BDPVSL941ODLGFPRD3OT9EM6444OCWKXD4U8F6KJJ45M75N80PPABJWSK1JK2Q0N85C7LCN V5N3PAB0FML1JF0DNA4TJ67NKK45C4P1LHY2 2508HO12WWE8KTKCPS9SG1RX1E1VV0Y6BYXKWAN98V4TPLE7EUIW1UYR6R6H4OD', 'XV3O4V Q4XMD9DC8NCEC1V171M7K CR2L5BWVUH07M3PJVR67P84A3NOASCTY8GNTSJTMWTTV5FAWNLSS3QLY5EPKLLJ MMXLYHGE14V99SQQVPX0XUA LYO4GV8RO0W4DANYCI3Q4SF0PQRL6XDWYV6CFJ7OK9WPAI2PU RTHGMGEAQHDPVWUL2VY9JOKYHVG32OPGE5M89E7XKRJDLXWGLE273GXJI96ETJ2QTJBX3SD0AN7F3GRR4TEWJCXE5', 3, 'VW6I0KMUDT967Q5TRSOX 4YESMWWIX1IHRWL6FE BYP2XTAAWBJ598DG97R0WT96SLBR 2WRS6T100GLQ 9XAVSG1QFY3MR GPS1FNSF8F4UDRICRKQ 41MJV4DLM1MYTFMTPY52RM K52RX4XOB37LM7BY54BEUS30P47GI4RQIJGXGLXR7JFVG4BD3F8X6223N56LBQULBYY4VNFI7173KD7U6J4KBVSUUH8TXMXNV 5TWDEF5BO76BYFFLU B', 1, 5, 'PLTQLT7', 2, 5, '6EBCUVN5MKLIBOPFVLVYUJEKNRHFQ9DDORGF1XN1DUAE2GUK7XP3I87WGWMU54UPVX8C785PU063A3CM1RSC WYV0WQX5PSP1FBGQ1K8 GFA5E7PDG41JXLSIHSUCEA7TK 1SXF869WPQBMFK9BKC3ALJ7HV9UON9H8IJSGV7E23170 B6OAHCBN1C49C0DXT0NA1OHT8I49XMU2TY5M Y1 F0PCY2 JDUHR73JBV4U 8FUVN4B1PH41I2VEBK8G', 'J0WBGTFAGDT066LWL QIKIP3D 9VVNHGT682SRJBBYO5V UPVLCJP5IY BYFLI728VYFTVG9D006SFAX8122HAN9 O0CRHCE9XY05NTHU4B1DH6WU06QELCKR2Q294ANTWTB7WEVCPMOXF0HC J2X1 25A 3VELF73Q2FS5TVVO5PRD5Q5NSCV2DEVEYAGVW4PKU2M69XMXGUC0TEKRIXLBQ45763S1TOKTCB4RNAOFODAV 61OXT1IVEA9DS43E', 'G 3M SPVECI6X6TIRFHUJJXOUOTAGGB2K6FXSXCY9KJDJVLGSF2LNUTWK9VBUXDB44KOUOF02  TE5OD5G6OX3OMGK71PG XJLEFNKLG258EX CM281PV RFWM3XWMJ R7FTREM4UGE3FM3346I9WHFHQ7FE9CJ529XEIAGEG37Y7NI6AK6 DS6F5UR2ETQM6WQV7L8AB03YBVCV1D7KJGPIUWEEYIX271DW10679X48VFKM5GFOIAVGTH61F54S', '0U3KNCVSW6GPIVU13UH4GGG21W 5 8DR7XFWDMKGQ1UF4VL6RYC07SO1CFENKIXQXFKLNHO4LW2X9N4YS5MIAGRUPWFSRDD2FV7XS8NUG3CX3WGI3VCY0VPVB23R67TOBLL92G0BMTI4POSG0A3OJRK QH2TEOKXNNQYKYFMYY1A28HYBF64Y3OMXFN8TO1RW 6EBVRIK647371P60JN95GQB0VASHTOX6A2BN1630KOJE6X5MSRCIGTN3CBLKOL', '4WL2XRDHS4F8DQLACRE N8RTJWCNGTDAWUIX1Y11G5FDNUTYWVIFOTYOMO81AGK86BY3VAJHG6D5 4J1HXI7Y151U4KN U42NC2C8JQE92WQ1TA5LTU38STPWIT7QWO5IQMKUSOWSEDBEFSE1AO09AJ5VU7DIQ0FA32KCDKN9NS8JRWH2TRSK1388 I AS3AYTKA9XQVD TOUWNKDOJEOTGFUG9TWS QU0VO2DQ88EQ1M76E X5QYOOQ0OJQ2QY7', 'JCBRD2PWAHYWJGOD3IA1KDLKMTAVJ5MOAYES32141S9RV2ISIMHTP90DXGOE509WTADY1OTBXSEJ9S 78V QL82R6GEGOLEMTDE10OY1EC0HEVN8Q76N168K14YQ8SO5G1AWR3GGC2HRUV7 UA9DPC36JGI0VPWGAVGEXBK7 ERN3II4TN0T68GJ79W2IS X992G1YLG2IJGIXKUBJUV K83W5LN S0JQCU JY3 ME4HFGLWE0VJGFJTWGQM2O9S');

insert into POLICY (ID, NAME, "STATUS", FDC_ID, START_TIME, END_TIME, WEEKDAY_ENABLE, SHOUR_OF_DAY, EHOUR_OF_DAY, FPC_IE_DEFAULT_ADDR, FPC_BG, FPC_IE_TOOLBAR, FPC_AFTER_LOGIN, FPC_MSN_LOGIN, FPC_QQ_LOGIN) values ('LB26BLNFJ8OKJHA30VTALG9 C38BX2P9P 31 8XAKBGK6RKOS9L78YTDF O8CKUT5O4KRL3C4DRO8D3JQ6GOTS0WVIADIHMKNBNIHE314TKCS9FA8V2XY88NNTS VRJ86EJHLIT4OM8NNC UR JX MT  O86IC0WTU4V8PYK19IL7L4E UBFWAWJ6B2Q77BXS72T8W8NNTKVL04FR6D AMN8QJ7ACDPVJJH80X5X0R0 HM3P1C WF21AAPW81V9O', 'N95CP2J3YYSNC7V5IIVQO5NG70A8AVST23KC5YHNKEG9A3RRW12OGS8KRJPGY6V8KK7DJY43L0 0NCRXJYTS9EGRU5W5L7REG30P8CVDIQUR F T9 9T9T9MYJ235DGK6MFG7E2QW1V7MQBU2C07ATE0RYQT94TABN7H2H0MJXDSGQMO4Q27R9L244WP5XPFK6KF5YSVBW O2XNBRHUWU0F71DXUQBS2WR4RD7JIB1TYPU40GD44B1H4LHM3LUOM', 7, '5O8SW7UIK3XDB5X1JRW7AFLE1Q37UQC2I718CHR1XFE8SLUJLJ7QXM328MQ2RQ596W17XY27R3U9HO8HKQHFGYVSAS5XY9CD2AU2X4OJP91FJ38P7EVA7ML06E X5A9KRY0ERXXD63N2B1FTXMDIPD8XNPWJBBNVGG040VIR5U6QBCQ8RIVOKG9G XDFHDN41G5DE0LLAS4B69J4E77KOQGE6CTOX2UU0LRMUWOGW6U PNKH6X2AXH39W9KIZF7F', 2, 4, 'RXT 4RH', 7, 1, '5EQFWOR44HP5MQR7Q2G0HS9UG5XUK816UXXSVEHHDMVMQ0OBIUG20YDXVQS1T7HTKDBCSJ69ED1C1WN1QDVPXEIES 3E1QSXSLSN8NIRHBQ71G1QLC KPSWUMX3G1IBME3XCOI8V7W 7 V9AP6N6T3WF7CQMOFLKO9W0H9B0M7KD5RY424D9LK1SQRJFLNBYD7MC 8V349VPNWW528DFAP05UKSHEOCGLULYB55MKRY9KEYVJ9ID0BMAMTDBL8OC', 'EGPBB7A19JVXAY2MA4XT39P2N444SI5E8R1H13DWFHMAE2RAC6NWON03PE 3F8J6HSBMEBOCWMR IIF2EDP GTRAVJPYVXRJVKPK8N5Y4SX5ALJJVLJW7REITTTFAFFVLWY485SU LG1ARVVNLAILMJ6L8H8OXA16DK737TOQIEW0V8OYUQP8X 6OLJ60TCHKDNNBELN2OC1TXN7GLCDKFM  JF03UN743 HCOLH34OQ2DB57X6I27LKSDCLQ0GN', 'NC073GQ6KC TTN8FVBE2DDMJKINK7THJGCIKE6GPVL2W 8KUSE8H216IVN0NNSCLY8CPWO2W8ODL55 Y SRRG RQ2D5YWN4TW2NHCQGC3IM4 M0CVGGOC4W3SWJ75AILEN8PIFO4DQ5P26D5B2H3EN7X3BE3EV9S0LJ813XYBPYKWKX1J5LX62E7IDIGKSBUPAQ1FEJ LOO1UXO68X8385HDWOD1JTRQVVJ 571XBMNE7KTDHHIIWXIDJM4P2XVX', '0QXEEYFDIPTK4 PE7L5V0 HW6BCQCPJ4TUOWAS8D891RHDLDP1KK ODHH5VV3YG8FIT3OEX02KY5390QGULCV08OLRH6VOMKBJ7J5B6M760PFN8ROOFS8N93V6H5IGG8EHFT5DR2BICDRSQEW 0IFKTV75R7T9GV OPL3NMSDQO5D74161U5U GOT9WXF8COR9UG8JUOURE4DS5MWU4EPFTQAU5U0UXDU5E5SPQ8KCKBTKQNX6PW6QQQQ EJ0V95', 'QOEO3W71CMJN3BV8FDATQX1NGR7KIWERUI8AM Y0L8UUB55VINFN78W89ON7RVWYP04KRE I9KX3DVQLK4MAIFT1X31L9G6WBGHIN5FD4OPT41CAA KSNRJ8EK3PET253XBA8KL 9HTHFD CR7OAKMWE0B8HIBNWU9DYDAV76NHM1WRNHI V3TYQGGK0PO4TQ31PW5XJVMLQJ0XOEF5RYBVYWRTA4US4DT9PHBHWNMQEJ8WDR8K4UH0AWWCFQ26J', 'I29YSHO 7UH21PVJKWVRY6K8YC4UFR5OP6DD0089OC7MGOXINS8KNESE5Q78KK7SY6X8FBO5D9MIOHD7 41 P PVYD4O1Y777BCO1F6G0PM7MO1F80 4441SCQK652YJWOMPWN0KOIU65 ULHHH1TAOSM41P7AJXT3JIUMNFXDIX HXLA8KWM7N1IJK9EB4258E6N7OFORI QGJVISXWBX486VVXS326IH9Y2JVKAWFY J4FGGW7JPFL4QERGWV0');

insert into POLICY (ID, NAME, "STATUS", FDC_ID, START_TIME, END_TIME, WEEKDAY_ENABLE, SHOUR_OF_DAY, EHOUR_OF_DAY, FPC_IE_DEFAULT_ADDR, FPC_BG, FPC_IE_TOOLBAR, FPC_AFTER_LOGIN, FPC_MSN_LOGIN, FPC_QQ_LOGIN) values ('KFWVPR6AV8U8BH69Y5VAA 05MLVQ S1IMY862DQT4VEN5OAFT 51FXEMQN7QK8XTLRSHHP3XSRJ4OCDR1RCT3DXQORE0TCSCG1AS2TEA1MG99M57AXE38T9SSDD2FAD5EIW KQSW9ORHXPDV9FN2DWWGFHF6R9BHTD5OCJ90XNG DTM7WRTQP6CK7LBGTH5Y5E 9FDO4PU PW6D 903X6AXBVQ4R99EG1WSWJCX2E06FI335LO188WX5AGFQEUD3', 'CHVODN5WQXCC91JAVS4FL83T5U56Y3XS3 85ERKNYNGFB5E RKG7RKOJ3B4JOMYHJC1 D0JOIWHJ1Q46247NM2EU4BJEB33 6AHQUYQ53U3UBGXAXFQPISFKXSUT17LSR 9Q34SKJ6G7O13XLWY4IQTTH8SJQMLP16D3 36NW50D96N3GL1CD2HYTNN5W35U26BQ2IBG9KRRYLN 40OQFVCO8K12OD8J PVBJYIA P N84Y4A7XBPD4X22 DW8PH', 5, 'KL LENPU EM3UU006T37HLSEF1UK742 K5WB8X1X5SMFRRF905U0NHMVQ1SMAA8GI0H2RUFOOPXYOSTJ07PKT21JFOFU3MVHJ0NGF51WKLJY2XKX6915MSX4TDOONCLMGX6B 0F4CWDYIMFA5O39SPI0RLGR37D3QMRS78KPB37SQWOA8S2N99HGWUH3RHNXIY1A34UPDPSMOCUDC0YE2KYGHNFX506 JUIJTF123AOSC  Q3SSUF6DSCKUTU47U', 4, 2, 'C38HWLV', 3, 9, 'TUXOFKDKMSC0KNMC247BTRH1XTPR   D2ANBQKGK JHY1NWH87OU4WT68T3TCCR6RCN KBF8BHWDYLD PJ1NPJGUI J7AHV16JJ075NOK0TYH82WEL84V5DE 224ESEVX6NPVMPI362GQK7WNJXKRDOR7JBS8XO12CXFPK9WP 4LOW548DDEI9MB5QNI7S4G1  MR56KJ2557SEBAVJ022P18R0KNMBMQO3Q RHO7XY 44ONDK1VCCGF7H3BVW0J', 'MFYLI7IEALADXSKSPN01YK3HSA1TIL6V94P05I58JMUBH3VWTDA0I5KP27 I25EEMNXRCAI87JMYSJVTUI0HTUKW7U9OTJTCNC2W6MQAYGKSRKDEF7YIWUR41OO75UBBS94IOT3SX8888YB QGI7OK20Y0M4CIYGT7UQOH0LNKWTWRUJ8YOO1THSOV6GL7VHXUKP H561WH3GA7IT955OK64A529 WGKRKBNA 8HHFIME5TUUNBS84J8EFPLJU6G', '8AF2JR33 AT075OSPM67JSQS5BJBRF1H 9FAVHI6I7TAYLQAT O5BAKMTQ4R8TTXPACNB6AK5QXKG4M53Y0EDDJG2KX X0YDEOI9XVK3OX2DM6598PY1P6DFUBRW72AFFH05OVM37QV4AJA B7W6A7X5F9 KDGX7NIKHHSWI8RJC6A48V5UYX69SKGQXMT G7GIF3I0SPI L PXFS3IID4I3EQQ314TCQOW476PUY5SE6E4MDC829B29GPC4LNYM', 'R1KDV2OHR XUN003EN3FAY90KN6LUAGTFD5UGW8W40UTRQ5I0MGQ0GIANHOQUHUP6FNDHP6LOGCFVPL S7LM8WRY8XRK7 WLR88RR8C4W64UP5V35D XP8JU A T2P9XBMOU1KSNNTHBSLO0 SRG4MFD0JG8GSOIE5GIW2QT8TH2NUVDHYQ51K6FRH1LBN3VY7OMYDITBCQFNYIDC5CW VSH4R8OH1NWC 36KDMC EJN4BPQNFNNCKAIEP4CPYK4', 'UNS6Q9HT9O47GJAAC087AUTIC98JHWXDIKXD5OYBUKMTO1TF9NR9QA VN05R54WF9ANK6M6  VQVF7DD2RJLKYA9J5H9HU00ACN23CIVMYP2WS08NTIJ2AP07D792GE 83675EIM4XC46RXNF AFE D0791 HLDS6M8DGOUFBQ4T9GIS387NN2KPJ2AQ47CCKREY3AEXB18W0G8BVE5NTRO0KXWSCHX398 E N6DSCH68LSH9YRUTNBG4PKIFYV2', 'Y0S1N34BIRHE6M8RWAH1T52YBI4W886SVTBNXMIQG6JXOVNWY6EOM5PJ3DTGYYTD3NU3A29DQP49QR7G4RWFBU579CSNB4R2W10N3RSC9PF2J 0GDH M7MBBY32O035RWA4PK9L9GB916K8M2IAKG8DRR7BRIK8U4J4MSFEA1F6 LU81XU3P4OLYN V69GH83MNSUD239SBNPCJH5ADF86DV0GP8M GFM7 MOJLXOUGVBYT49CN7OCC NKG9UNXE');

insert into POLICY (ID, NAME, "STATUS", FDC_ID, START_TIME, END_TIME, WEEKDAY_ENABLE, SHOUR_OF_DAY, EHOUR_OF_DAY, FPC_IE_DEFAULT_ADDR, FPC_BG, FPC_IE_TOOLBAR, FPC_AFTER_LOGIN, FPC_MSN_LOGIN, FPC_QQ_LOGIN) values ('CPAL2ONX J9NVV31AWKX4OHTIX6R8KCA 6N2YJI2L9WQ9TK7U948NDQBRPO3DSJT47HUY726IL5RNCOI0 F0CQLYE0OQ3W0L 7R9BXP66GFMNVG2MPO0CK1BXIEEDCRY04UD2 SA6CMXJRUAONGNGNS81GCNSIOFTHJ1UQK A8068JOVDKS85UKUJKJVLYLT591YXJ73DMAJBORT S2SK10MF6B3P56AV0YJATRMJLH21QPC0234G5L7V3HAPM38', '26DB96 PIEF27IG9US9 XOIXWQX11KCJTDF RUVMI1ATQNUHVWJCE228FQQQ85T TQ6B6P66QH1J8DR6I61U5SALIPM 8XQ9W516CJUU47PKTMPX5TFNT4L46UB1JTK5X4X4S5R9S5L2AA6OBIURQD86LXTX8QPQ1L5ILCMIYTI01DIMMKQWTWFC24MI1OHBG3EIK 4T28M27VY7XQ1OQ3AM4BMEEN3JLOR260SRNYJSHSP77B1DQDU5DR3YDQNA', 8, 'A9LIMKCFODG1YGHDSJELR8N0268KOOCWT6LH0EDA2MI9XV72BRLLKE3HW4 AL3MAWKT LC3UQM6QRYDD801 ISEBN2DCOBI0XGCU3CY5W2Q 3WLMTSB9I7PGVNLF7TSS  85HVRYEOBTUEXYXQ 6ITIKQMQGLLQ3Q6FCUYPWR5 AYRU94EEROFQ42QTNE6 8M6U2D4HB49OTKR57MHWACDPCDQRKDMMBL66AGG2CCT9 1Q5A8MOE F6CSHEXDJ35', 8, 8, 'J0MQSIX', 8, 0, 'FW7672B0QU1W40RXIT2G5XNGAJ53 G5OSVVG740THUITSWNF1PLA6W5Q3D5A2AS5VLC5N41 9Q4MPHHYQ56W3Q29M6OD2S4I6VIR3L2SB5B98QLVUT1VD1KQAY0RWKJWM8YX0EU49G8QPXE2W51TGT28XI3YAILYI2U8SNCE3TK ELJYXFQCOA1GSDGI TXUIG3CPOOKA7Q4FLRGDMC5BY7MGWDXJYFARC6Y 522NBS5T1 30JNXGODF07QSGP3J', 'CLTQ7F61O77Y7891 75TB31XW34K5KQF2UC88K1VS0GS9QA6FTBJBBAG7C1CMWWBR4WERE3JEFSRS3STO347O 5P16S3OXOFPX6K66P4FSDKY1T2NGL5LHK KAD1Y 6MJMF3MIE9A82WWLJJR5BQBKO8E8HF SOC98MAB8V4QPDJJ1CEP4LDW6PTGBGH68MHEPEM8H0E UFAT SDN6CGBL4R6M8JWJMIRN IBOTAL72XH8HN6U7FIEIHC1IXE8EF', 'AEESG9W9RR5DABB9EY0V6ED3PTM58W2K8KCPCGO083Y4MK7EYTI6K64UI7AARPX GYP59TAN PRDGMQMLK39RU3DLUOQW5J7635EJL2BX0ORY8W08LOG3T906HSO8L041AYTECLMG3M18DX785W4PSRPSOCECQM32M4R YJQBV1X8E6ED73NPRTTFOM4OGU3R08OBKRAR249VU68RJ5G30XCHMM6I08KY3LXDJBKB6NUXKL00OO P2MQQD0W5WKH', 'CE636ARPRPW57JVRVLFFE0Y1BHJFNN8J56 DYKQMIVF93JE6UA46FS54X0XVVP9QBT825 IFJ5EEQK0DVWR0GSHBR1EJU CSULD8RL90LOR121G4OK3YL8MRR0PFXKCB4MFXTO8OTD2MXRQWCAH4PKH388AJGVBH O4B5VVDNUMO1RWJCT OOI1HWR7UJLGXKFSJL1UJ4K9P2E9JMMAS74ILXF7GBQ3WJAHRTCU5ISMBK98UI0QMYO7QTVNESHQ4', 'JFV6YGBHNXCKM0119AARFJ90D0K7HD3Q2MPSTO6LCSWWT5XAAINVDLCAXCUBMTN7YROQ6L8GPSY3APM12HEQ96OASU09RNQ0MOOLNQ3GWI 2INENTWRXM HPEKBHTGRB1WAYPWKHKC0US9R057M1W 2ML9PIJ69RHSQFP6MWQHUFC29I1NIQED0PKHQTN WJMHTP 0BNUTUSCWO5X8NOEPY7YLN QCJBMV4FO0X9Q522SW CLSUK0TSTUPCK9 7D', ' Q0M4L4IAU4H4TXP8C9H9 8BRYGM28UNWGD9YI05HVDDPBTLHF3TO7XEY0LPDS7ADC83TLQN2P0GN7NJSIPQKFIC7 J PN9UY6KNABWDA HOBFPYB7BSGB6Q UIUYHEHJJVJVJB5R3V019HNP0TLRTAP3EGTW54TESEEWCYFH6XG29J4W5QTT7DYQ6XF9V5281 UP4V4X722K8O8CNA4U 5OLK67K3BW765LHJDQWVCVJBTJVAB61 ELOM3RDKML');

insert into POLICY (ID, NAME, "STATUS", FDC_ID, START_TIME, END_TIME, WEEKDAY_ENABLE, SHOUR_OF_DAY, EHOUR_OF_DAY, FPC_IE_DEFAULT_ADDR, FPC_BG, FPC_IE_TOOLBAR, FPC_AFTER_LOGIN, FPC_MSN_LOGIN, FPC_QQ_LOGIN) values ('2UB0IY7Y P4IA8404R2V94SM4O82S TAXBIBVFEP442GNSHN1RME2WW4OS6XVTTGUMDBAP5RFHO8A05CSGTWOJ484UA3HSFYCF5HBC4CMYL 3KFHET1AF1OT8T0LSIVB4WH78WWWK8 LK4IP6A5CEGJYX647ORACYTDMWX158KBSXEH0JWDIBWP1AWVJM7R5WEBKV1V6TRK1Y5DK14E4KJ0RKKVXTN813H4SCWSAL41K663WF3A86H82586J2VLP', ' WRVIB46H16GA7SOL6G3S5 FNCQEPY6QDXBFCVH8D503N76XDOEQHWK9VFMNQGMCLCQ04O69EESLBXTJ0QFY16BN6YAHJCSVPCSOVPC0QHQKMHFE2SG7DGVXUCMDSTHBVMK9D24FQMGEL3RPCTUQ1CSQ8LYNU290FGNEYTHRWJ0BWYDURBAI9EIW07 EPBRIVJ HQ2CJVJRAXCSLCA0DXBFNU7VG1TEPV8WODYIKHEL1LIFYDCIVKPQFN74H6WKP', 4, 'EC47PJWXUMJRSKIQIKWY70BV4RFVG2AEDXACSIVRTK6CGMAKL0K3S MJUHHOTTHGI54JK28B HR8ST MCRLAOT3R1J41T0BKFA0U1CLVUCR7RMGF8MV7 F3NIVSTYDXNHQALF42IG2MBF00FDE5WYDC5NFU9X4TIMR5G0N40LNLV2JDQLY1L M20K7ISI2UOHROCBPM1O3XI17L9C75WNQUP09 7PJCGB6WGYLUYSGQ5XL8RP2XMOTNKDNBINC1 ', 7, 0, 'EI64WVB', 1, 2, 'REASQ2YXGPH7K9BU2S8F7IK6W61R613DH3AKXLXOCM5FH Y97P7DITWM HIFYBP38PM3H9ODD6UXD5CFFGEL89Q5HN1J23EIQ9H58V4M 69YX  X6YAW5QHL4V3QLAU14KMLXH9J3BPPN LVBW05XHSBY7VSL0TJ07KA5GCRYY7F3 2 3SC86 FAGF6G0Q7HAKD6GDPJ8CEFM1DE6VQ2D1BYI5IJO56SCUT4B7UI2FL0JIQWM8ALXNJAFP0WBAX ', 'NJCEHIEJJ0QCA 909GES9FL156J0U2WRQL2SFY6GAAKETM6RA4V19SBY7HA7936K2SD8U8JULVB KUAP1Q6Q5UPCI7DWNPFE6X59AY62PEH3 OY6O JFGBYRIA1KVH1FYL H9VUY773NECM3TBTRM6HE K8PQDK9O32I34JY5IWO2EVUHYLDXMSX7JHTVIO42L9053B  7C82OHE2Y1VO6JJSL2HYE8O8 3OKEGIJ2HCHAE8D3 1 PLYSTU9ER87', 'XB31 MAA0E3H4Q9F3Y QFTO1EK1NRVQEDWBHWQ3R8UM32Q5SCIX7XC T3MNTC0TDCUJTT74STAYL9BEXL82XT1L3SSITXO1YCXNJ9I2OXCKX4ED70ROIMLRIX1U4DHRAAP6BQHPC8FJ10BFG7LMJT S8C6K8FBJ1FKCPN9Y7ROMY4J956XFNOF9W8P9NTD0DIM0E86 6W17PM K8CUAJHFTPA06X543 NRP2PX PJ9CCKOC5I21VDUBFH87OVBR5', 'XGU7G7TOLHV3X8E0O3BGIRNMJHLUVD1W4U94YET6IGWOKHH0APQIA9HKGFRWCAT  AOTTX37TB8ORGEHVI93PAIECOHQX81SP9RKA11VHD1UMX6HDXWI BOGC0SLANU3 3TQMC6RVR7W9V0O45A6C14O0WDPX5IDVWTNXN63SF6KOMB7W7PFUF4GDPHB9OHISKCSA4YID25NRPJRVT3PHR3RSH6QOHC0LPOIN6H895XY90ELKJ1G6MN1233BF1VT', 'JXW0QO2N1H4 WYTD2VJK69AVXE6MEJO1 XMSB0N89V1NTPHIV8R195Y1Q0CH0BXJ7JKQYFBV9YQF960WAWSY8T65CB0AAM70GAD5 5HP03C0F3IL89MNBPUI 18ASTMADJCDNSNBVFQ5DG492KWGRH437OMO3MHU0BFT16IVMWEK3L92KRWSL799YKJRNX7JUK8U9GY2F6I2G2EPVNJ2U2PYOSYTQ EUPW2W70 4XQUGAQ9FKQHPDP1Q47J7O9SS', 'SX3CBJU8NQH YV10OPBQF86 HA7O2B8WWQMU7CV6V2TKOLJ6F6GK 5KOS8QMYOG5XV9W2H6LKXFQHFS53XJGLDXXXWI998R5KD49RPN486YP0M9H6T28 SPOJL3B4USB 11UY3BUQHSPVNPCHL6QUOI9PALIKOBHPHFGB0EGD8W JB EBQMVSH5MWTWMH6A5P3G1E285SMXUEQ3TAIUKA I80RGHS1R7D VIM7CL3M7KR97CH  RQ8Q1BHEV7A17');

insert into POLICY (ID, NAME, "STATUS", FDC_ID, START_TIME, END_TIME, WEEKDAY_ENABLE, SHOUR_OF_DAY, EHOUR_OF_DAY, FPC_IE_DEFAULT_ADDR, FPC_BG, FPC_IE_TOOLBAR, FPC_AFTER_LOGIN, FPC_MSN_LOGIN, FPC_QQ_LOGIN) values ('TE4P66X11GHEQ8GTKCGPSY16LI8ATOK2K WLVLHBT41EF76DI2T7S60MKIVV8YWCXNLHMUGAN295PYXXGUN36DN6YXCS3L40PBN58RREJO30PD73QXLMKVBXSXBBUHRUUFY663ACKYW46EHSV0SQBYB989UHLL7WD U NQR4YCHHK048KCP7D0VRM7F43WRJLGYPDHU14X RX7CVLP9KCE2EEHYVQFNBVYG9U93MN8 I10BHYFQ6JIXCAHN3L7Y6', '7C6 7OQYPGP4LSM67JSCB9OYI9PW2VI V9 4BGL2NLRV8HKVEJ7Y3QA8K1YXC3F8YTVMAINJM8UCF EVMGIMCULL8OMIBXFGQGUTI3BC19CGTP7BS0X18FFL0WVHWTGWO6ARYJ OI56UP3VLTF1OK8N3KXACQ8F5BE0C95U2SXLY KAFYFUST6W8QHTF1M50G667PB39S2908O7SHBQF44UFIXUVQHCMY2FR9FSBKOA0PWAXWWIF9YYE006KEFMD', 6, '2FR9R7IXLS1XFU7QGIQXXHVLPFI2MV14D02KOXOXJ8RBFLTF0JW6FWCOOQEF21VKEEJESMWPMWQ3X SWG4J3EP8GQRUJMAHQ44U2DS2RJ Q85QA0JCTM656BTMHH1K6V3SI7VDHDNNC2E4UCMAP19Y6FNLXR7ER H 0OVWVO 6656UECQ23TAFOSKWP37TBU7CPP3FDI5SOE59B6MUTU3BI6JT7G9CG2SHUOFHJHIS8X45CTMRL5N0W27OR6S44 ', 6, 9, 'JYVY7CR', 6, 3, ' XC635F X SJ11FQVORT46DSVBHDNEV2BK29 MAQPJKD8K NVTKP797J UCU51MLY9NF6GE2PF8X5900V2RD9RK392QAD3UOXBKRSMWUORPNOLCNKL3UBV7LNFEMNNGXKQUCQH3EPEL1PEX 1CX8B2 NF7RU94GHOF69XMDOC25KWNUVT2AO32WFCIW F620I XP5WF3J49RYQESS9VCEW6OJ4K27TLROU5V4JXNKVH7E70QB82GUV4LKO48LALG', 'OYQ6G2DK1L04AMPBOYYJX7YGN5ESONTGD 0BU8MN51AQACL9JW46F4RT87WP2DBRMBGUNHYUXJEABEI212AQE2AFSJ7NTJ7X5 5KOJ9QVX 0 1YDLEX0LY22 BUD0 3C5TYBNIKGSTE4WSOB2K6WP1N7WLYMPWSW4EA07Q3N0MMVJEIJP3UAARUP17E4UO7114BIVV5J7KCJB H969C3UXL28OOQ83GP95RR4SASGNVGHWR6K2R8TLY9UGV8O3SE', 'BOLF7FEUVUS0V2MXW88EEPQBC7UHF 5MIUJ8PYT4M3WTGSN34O VIF95OND 4FLPIJ093YYKS2PW0STQ9K42MM6AQ1KV69K82S5B99PRVLVG9COGQT5VG7XK7L VPCOLCER8VW2WPDRRRXXDD463PG6D6DSPQUQOUYBWLAAKLSD00DG6GY MYSNN45T586OWLUX8Y P080DIEQ90MN1EP1BVXJI 12K9W9D4EYUXP21K8CIOY6ECD79YUW22VJO8', 'LSQCTHX1FXYCXOQG QU5PUIDE8GFM4XHG15QK1M69GDOD4INHHCBTHL9EAAFDSM29G48L31ILJYW32UYVP6H20YS2I6SLE55HUJEF7TCMT4XIG3SC1J912SKTVDX7LXV0P UK5RJ N0RYLOYH B75MHRH5TD 8FT6GN5E2SKP7BDO 7YAR1 PXK0AX1LMJD8O7F07A0B7GHTSHHO6EW9 HPJWIC7OYLTMUS36JP9C3K5D7DL NRQ33Q3B1KQP94T', 'WRUFQLRR2VWLARMXLEX80V0JIHJ8KJBW2E5 L4LBALSC2IJJCPS4HRI F1XDJV26AT62HV KDQAN4Q23MLOXDPL2X4B0HN793SW7YEJVJWTFWELXLPS97GIHDO LCG49CVT1HH24FHINPRIXVJ0OGWLBMITMU7DSCF55GAIO1N2BREGHGAVUFADAW6ENP3M2SKS855 IUCXH936LR LFC7IKV0 6JLRTU77XRQQ3MB578 MPMF 4DEWVI5GTSFQ8', 'F53UCLE3S1PITHO9DYRFHK0LJ5JOD6I52981TQ6ERD13OD BU1LLOMRXSOBSVAQLVV 37DQTCYHOD4RV6NLAGAJMKSU56HGMU8S4LJ487W QT6SQ2YFLVQ2RR WPMTIVCEP6YJP0J34QTD2BLXHMUE81RIVGJSYH79EE50V0T7564OOJA9UI620M8HVF30 3NF8X0T9Q O MEHWT1I5FNQN6DPLNEGY 8AAY74N4DQ5L5D566 SKWQFYOSH7FFBV');

insert into MEDIA (ID, URL, NAME, PLAYER, WIDTH, HEIGHT, AUTO_NAME) values ('EQHUONLNKPOAI5VY88KJSDOJ537PBEOUBMS06JYUNE91BTCS MI83UCHV33N9GTBYVMOSM7T0DXV3N7VHFI3 7JFTL4K6PQ8EGC5NR2LU4DRAKVDCU2XERF1CTQBT7NXUVLMIS8HKPTGYKKTFQ080Y69VKTHMYT R7J1VN8 SMTEUPGXQCQC25R845OHNYDCN0N2T7K061DXC1LRCKWDIS4HTG HLBB59FU83HLMNIV2JN LLQN7YD2R TTFW5KV', 'KT KJJ0O9U1E4AAPDAPWXQNYDI4PFCM4M180N9RVR04U5XRQ RCPARM7MNL3EX2YLW8EICY7IH6NJMY22EPOCB5ALSM7861TNC927MBOQR POB8YAGAK1QGWL6OUN0U0YW17JYJKUWOQO0TUHQ V2ENW5MML4HP7XNOQY95FEFW9AQXHMJ3YMPRJVFSWNNR965NCLFN46FLKVJLXTPCXP5O9KGSX K CCIWK7FER I5QHITHDMUNW68V73TLIBCYCDQN7AORWVEKVSGRR55SEA7DV9AO93OT6XXOOYNT35JPDIBNJT6T6064UE6OY1PY2UKGBKGVWK6L0W4AII9YRXRQKGRXWC2NAD7MK426VUCDG4E5KR57DMC3L0SG48DJEBTLGTFALBG22GQXSM0DVQBCP0D5B00F XRINQA XQCDT6IOFME0TYYYQ42NQXEIX1REJ2EEVG8VDK0MTV9HDXEOQDSEEBT6410X51EVHDTU  JEJ0YXDERHYGWLXKE6', 'QS2P4WT23T3FOT5TA6B9C40QRH57L19H0QX TV1W4SJG0HY0W3H7EV1YM6P0D5EDDT V6AHN5Q1MBCUEDX17EHM08S4LUCPDGI08UIDR MTDGYPOXG1ISTI1F1D895 D V8Q5UU1H LV2Q9TUYT8OPAI68V2J0XFUF7R1Q IQWF6C973L974V4G2O6C 9J7 380L3KQKYXS28331UOFTSYGP591NM99PYY07KU0TI7M39TEGD44PJ7MP3BIKJSMJTO2CF0J5YC7MM0JG3 AXTV5M5TTWJSJQ53DL7M2RYL8R7ERF67CG3 880NAQSWATPEMA6755DMUEJMA0T961EMWPOCTU5U1L9DSJ7DB07OIASE76H405GW3E6WLS5CT5U8D9TPXEMJ7URHI5QDH3NWO0RU8YY5LULT748VCMXH9C O5F91OX UEGT8SHC38BUEJMCJRAKEDTMRXS P1J5VY WOPBTYII0W2YLFB98MQ3EKKBYJGKH8X4QCU4HM4N', 'I9LO4VOMBP5P1PAQ1SDXDG747RYI08UV', 5, 6, '5PW0NW8VWRA7JBOBAEAC78SOR81LH3IR6B9MBC8MEE1U G7EK 0CE9OSXRFEHFN1E8HNV05UO2PRE16FY1J17EGQETW2CPHR  2U6GJ4C3IM810FSY23U8K6E VMBEVJCQVTS9X77D2SIG2MIM6Y6CH4AF6UC L9038VX2O87BEE2AJLQFWWRFKSMS2AYYB4O9U5FI2LGUXE9JM57BMXS40P2A59EXNK5YTKVAAY8FIK5AAEWS5U33 NGNHXLG4E');

insert into MEDIA (ID, URL, NAME, PLAYER, WIDTH, HEIGHT, AUTO_NAME) values ('F1GT5GL9774O4OI3WSIHLDC4O7Q2JK A728V23RL2TCFF8X3V6EPEDLV71LX8RADS7A8KI6MJJ4NJJ SBTP1VWDN 9QACX5GHP6J0QUK64IM3T8L293K9K4CKGW8UA33SAU5HXPYLTW8FA789JS0F073QL6NF4M7DAM9O8IMMH5AJ8BR46B WWVDBA46EP3V0JBVYS1N9FHB2YVE0AOUWVBWFMP7RDRLPD3PAUVEKIJLBU4RGI6P7QMQ887 3HS0', 'QXND8PLJPEP3GK88GTIVH6L09A5HF2121O8YQ5OAPCDY1EL7FKACOMT2BDPQL Y1VELD76FJVUEXLF9Q6KLMJKK2RFY8YFR0SJII972S T2G132JVKDYJWK7F6WASV8SJ5707JRTXU2RYWTKUT2EVIFTBXV11T4K0Q9B0KLOQYGVLC63K6FT8ANOKIPC8V NBEPM9RIQORPIT1OMN QQ37NRH8LXLJFSLRXY7KDK4CRB8JS1X4KLK6SAI1380GTXAXS3TF 4KEWL0HYDBYYKD99V9B7G19H9UMIKMX1LR2TH0HF1XHCKXH89I ENVLQD00QQVL4EH2NVSAEQ14LCAXQM6KGMC7N1LUHOG QCSOWHIL C1WWF6NQCC2KXYTBCLD8CXRAFTMIS0464JBY2YS228 FYV5PN6FTFGI2YV8S0ROWK7ITCNJJR9F0TX1NMMAHCX BJFCH7X1YH  X5Y2TNY0SHLBY7FVYCUT625CR6A24XVX628LF92TMM SAJ', 'QNV6890ON2VRV PCC66E06TN5VEE6 M7TNE30TT0R5R63XVJITX8D YN7G4GBXIY5AKBGWK PUQJUBJSY5R2V OH0T A F7XTKN5PC0JONKRK41ADG7OHI7SY8JRYG0I40DTJ0T04KGKBCMJKH5KUYLIIHMGM149EOS7ESIXM6 GV H8JLW27RXSBWIT38N594H2FMM5VJ4QM5NHEM5BIA265BX 22NADHAUDGGSQB9GLW4KFW26D3VE 5YWXP05MEMVN9CA9L8GIDS43E5A0N2HY93CP8MI2045B3GAN48EROF 0IC5DGATA59S3U6DT10K50VS82UNB2RCW7YYY54 FSRKGQC0AQRQH2M0I64EWQCMQ0SR0AYUYNCRS5O2XUD1FDMH5QGNUWQKJYYAFI7LLS47QBMDDO6NN3M2YKQ54UA7JL06PH4O9TMKOKL2H2XKHFESX 5FDXER60YQ2VUU RSAI8SL6DTI IK35UCTWF8VXU44BFI4 C JXMHO', ' N W7NBUMXM6DDSEJ35KLS9Q5BQ5NSFX', 2, 8, 'HENSD4G8X2EEGNKQUVQ774JRS5I5243MTEBCTQKO4B85KQ9UA10FAYMC7L3N0MWJF84FOXKRJ72XIQ6NNF L5E530AHVALRQURT33H8B2DDKYTYEHM3N89UXP4D1FST3OBJ6UABEQX1Q877MGQ8BQEE1VHT7KW2SPUT8G6FDRHBTE6D3FFM2EOEXA9A6KPG8UQNOY25TIAW010WVGXW7O2DDWYPKW1U67YDO7VWPG1VBI 0DO 6QNIOESIBOOPYK');

insert into MEDIA (ID, URL, NAME, PLAYER, WIDTH, HEIGHT, AUTO_NAME) values ('JPHAEMKJW5EA876P7 NID6R44BGHQFB6UYIWLDJ0N8H7HI3C2F9XJ0MNKIKGKLBB 2JOUF50FAO2A5T331LGH2 7B33G9HN0KJCHT3N2 A99LK6MEKNDP5LW4S1U0J53DD6XSS7Y8PV1 BYYCATOC7150XSPSAKO95MHPUUP9OMEPWSBD1Y852TO4A4X4AG5BWND6QKO8Q04MVA9647MJRDHR87883C7Q9QJGV8JK WRCUWLIH97N61SCOO00BPS', '6J9IESMNR35JCNY93 UKGEWDEKQQWD96N7VLEONR81LN6O230CLTARN3 ET2S0BWSDQ6B934O5HOK3VC3PJT1 WR03WPQMVPOY2OBEOOBXLKYUQ82C6ANEW0SWHHI69YLIM86W2SKE21EXV8O1DTSFSRULG IQNAV3IRCQUY03IMNEH2 3GPPGI8SH2LTB7L597 YSG1C3XJ4ANS2C62DY1WFG1J5 W125MDQ0A6G1OWVPBQ87MSBD6JPVGQWVP2ID494FMRE3KJKREHXJAIU7O6RNTX32FGJ4FN60NGBXT3MLNYRT6PU065U91MFSU7B4OEOUGALQ1Y0FT9H LMVC72DNG598KM6JD5 11GP99CGHFV0KA84T9TYBRKKM6AL7I94NAICSV79Y2IGLECI1NKAC4Q17339EGYTU29A4RBF536 LIJKPNSAA0B0AR5YYX6FT2TJM46LEU60PK5FHH6 8FQE7DXN73NYRWI74M430K23JYCY35SMUP6WA53', 'MGE0SNNKXKEDPRXDI9B9YW2RLNYB66OA1SOD9327Q3R CBKCTXPU63ECDFVD89EPVB0PC5763VAC4I19S2VBRSBR V9BODKHQH7VP5A0TV9VYU9SNGU05UI58S5FR XGDCHINGGHSOCSGSXXPD WI5MW4EVTEL9QNFF22GSN2AL2UVQWFL5UMM5RSL8E6R5PNT1QNKAUWBKK O99GIIFW7HOJOGUA133K5QJL9RQMV3SHSYUKYP2FV0XUK2MN1LTTJD8U226TLI3JT8QQDRW LX19N5YRFW5VN5D FTD4PIM EDA1P4WYGDVMV1UVUBKFPQC8YNSFV7AD9J8RDMSEHEITQM4R0 XCG57H826QD4RU3VGAFI11T DX82D0NX9L4UVAUGL6Y7JAND78DE08JY37X0WPI4 CJO2UF5B2YQU6PX AAFP1U3M1VIXPEGQV1W70OCXW6IQM2ELCR 15X28YN0BI4OEOG7KAC6C9 M0GLH3HW MU0GFOFCT7LH8', '6C IPPPASKTSND5W009J BY36PL1H0H8', 4, 2, '21R4KL06A0QIRI 7GSXH4YME7HUQQLHQT  S57SRTXE3EWW985 3GFFYJWEMHKY70BN5PRC6056ERMRTPFOYR 7YCCI23LVUD6QHMASI1IRJP4H9NGO8QP0LCW1K9LKRS5MWXV306EAEWTXG M2WRNPBE9DEFKDEBE36DO4CVPAOI9TDVTEOV07WKK7NPJGD3LF0ATOCQVORJYSDKHJ3SY6B IP3RKWQHY5RQIG7HVTXGIE1INTFUNCW0DDE1QPN');

insert into MEDIA (ID, URL, NAME, PLAYER, WIDTH, HEIGHT, AUTO_NAME) values ('VDOTISN4S4MP1F1FBG387E15J0HJ0LU5AWQQV GOKBU1K9Y5P16KMEIF363UEL0TO2HMS0AMSAPOH1UEXOB YAIOWNAP20DLTL0M5GMQF8QCXHU5FCS X5 C3HBPHLYKQRRMHYV1N UGRCXLQM8UW3S2V5S8S3P2LCLB13DVRSDBHD1ANJPNWBPTMRREVBJSOOR5MMBR8J2Y7F Y PO9M0DSXXM4537NGNYER7TNPL16RAHQS90BEDFJGRA5R8EU', 'G3KY2X31L1A9UDDQW8G0OAOWJ8LNRY6OO BD4K4B3BMGHVB8AI7VQW 3859XYMFXPVP 2 BKCDFCA B1AKVDXOT7ET8J1PUE58JNKJWA381F648U26ETQIVEWYJTAQ6XR212VK198F2VQTULXL689AT4NWJVM66NFYSM HUJU0NP6LTKCN2FAW40UG0MMLFY7YSJIP7H5K8PG0PA O909983SY4PIKHHBOHTOO2PI6QG3NYLLKCDAFGMWBJM4PR949O9EX64GKGAA40K5PEP3B25SX7K1NLH5EMDBY8XPU4BW45LR2UW305I9QJLG28O39YJLASJ2RSGHBICO3HQCLSS88DH7NTORMOV6JFRLJ1F7E9SBSLPK4XERGXUS4EJ7QA8KBHMDYROW5D39OU44QE 3VU E9 MIDMD 9AESCAG1BST7U901M1JNM43TUDL0WXPA22PAJDTSQAP2VCA1YG9X982JQDD66WH FYEGV5JY8NVVWXJEY9ONX0NORN6', 'C7N5V3OP BO954UTUEOV6BR 2URWLMGQO6QSKQTF0LKWSL FTFR T6C054XT472MLVA2V2D9DQP26XDTWQCY0WIT3 XNV8Q 79OCWX46DAVPP3C7RIWISSH37O77NPR6QUKRH5RGF96JH3618KC8QACQ0 N4TNDSKN2A2OTO27928X0298YE4R4X49KRG3NP9BOMPFQO163JDPXD0DH6XOQ7CBMBA5N5LXC88BXL7V33YGX8SA1EPI0ANKWQQUAJC3DF1DOSMC0IOCVA0Y5RPQP84XYRREENL1H96M50FD3GWJJD9SQPVXGD2TNX4YRGIFTJF2G613XCN6MODQ6GQMRCV8CI4OYBGJYX5ULKW9KCMHRO6C50IG4 5OQLTULSV3STD2HOO6FF4RG1TMV720WHM7X2UP3QGEPDUUWD8NBD672SH4WKY CA5EIJIJVB BHKWDKPH HOE7 8KY5GC2M6UBDFSO5YG595JU52K3LO31EXMQ113YT3UMW BH5C', 'OVDDAC2ILL  R5AXNCO4 VYB5PFIQDTN', 6, 5, '07CNCY1D37G5JI2A8SYS1B785V6YK4RQBOFMHEYJLVP9MK6BIY301A871BHY1XXP737G44NQ8I6T9C0I7ORR6SSWGK1CUBWROVXOWFD9E5T6MJQNE4WHE66TFY0VYGB6UU8L6OEONG GLVEQAWUBDSKM1E021MOO D7BU7UTMKGLL40285DBC11BKAY9G3G6JG9QJGRT85F9U2G7QLM8ABK6FLAH64YV3IAGKU24GHI 4HI1HG6LS42R9SROU3GA');

insert into MEDIA (ID, URL, NAME, PLAYER, WIDTH, HEIGHT, AUTO_NAME) values ('KM71MLYN TVJLW6WBU 89NAU4X XJOOVRJ0Y1JM8YOIHU3L5VMA7T6ESVNCRVCKH TANIWN3Q4B58V7DYC07E81QXMHOV4FSBIAK5FU7LM2G85CR9AO  5DBM4TIB2K202QTR1UWX8Y5WX9TM6446DLGFXAVL59 GJQCTN7QAIIQ09580CPWA9MC D55SGJE7KSVE4DIEJRGX714IN5G79GH2B3JN HI07TV9HQD6X3FPTYRHHJOKVWNP47 HX0R', 'MKLR82 N5979 OGNUKA77VWKPCQA1STI4 IAWS2X94FC0 ANA25G11T13M1A3SC4LXIQFD2VWG8XR3JTR5KB8PAG K NVOM25DXEYNPKBQE PYMBW02JR9HEPD296G0P1TEGBIP8W 28XKRNJHIM82KVQV5PF3NMMB3UXTJG9RT65Y4KOU8YXJI RDIDOPOQIFHAXJR225O2S7S3EYYKT59BJQVGMB57DBHA1KP78R  VEQK16SFGCMK1CBWP1YI2KG3PYN9SRLT4MTL1G944MDSD3BFW0YDOE3R PRXWTP5W2V0 7A5OJ4CSGULYEWUCHK5NV76X5WD8XJ1ND9QPNFSRD6N6FE7F2EV2IX9DI8QSDG3YIVWFJP2TE1QMB22EXIB9RTPX536XP4WYLAEQVDBPKKOWBA9XCBPYSQBCVDGM5 GV83T4AO0CEA4CRIYS6JYIPE7M283I1A24I8JSHRVR26HXWYK QDUXSEQWJDGWQCB812NK6QW55I B6TU', 'XVMNFJ53SBOG83FQBNB8OFWEKGU6FDXIRTJDXP0QLN6XFT5RJC6OAASMIKCR PIQB0FE0M27JI0QYLHG927XOBANC4 BNYRI7W2LANL0EWEARWAHPKE7CD2MWXQ5NNIP6IMM25QX2D1UD9CU446JFCRY68YCW8FG5ERXCIJ0NX D359R2JCSP5VCAWGV A754MFPN6 MB7RPS6NT463JLPTRK9FC3DAFDT3YBKYDHA9D X0S2W2660XIF6G8545B83KG7786OVRQY0OSW3AV82G3J4JSO44 962RYMH7K3 WI2Y8PR6K4WJDL 40U3G03798QCBY N1T7T1QQBL  K7FL9 PJQ97L 5YHY84 UF57Y1AESROG7FOL CG8QNLRQ7UP2NSPF4DC7Y2APCWXW1SSOVN4WILQ8ALNCV9GOFQ4EPM43FPGUTOMEKE0 STUVNN5G33PG2AOA4PSMF0Q8GMMRWMCV78IH 9P3H7247TSSWFBC9E2AJ4HWO2BCG0', '88D36YKAWKSYB6WGRCTAQBWU1KNOBF3A', 7, 0, 'FKJ TUNDH9N XAXOBI Q4VDWQXMGQD47F4PHVX9LMSABCBAK70GS644PTIF9TB O68V 0NJ1CW7T6H3EATDNIE0LJN7AOD12WHIA2K38AWN2UQS5W8W EBI83XEJM05YX0IYOAD 8P7HG1P3G7O8OE3KVISTIO3AUF7AYEQE6OX7RF1SK3NNWD1UF2NN YK7B AHUKJU6S964W 11WA99UNLDTLE8D586BVDUHX1II05NKJYR1DUMK1MMGN56HD3');

insert into MEDIA (ID, URL, NAME, PLAYER, WIDTH, HEIGHT, AUTO_NAME) values ('P44MUNLRLTBH29QQCPF7LLOUXP08ECXWBHI78P4BWWN8EO7 PTQH7XFF2JFS2H1Y1 1G5OF0EEN3O90MBPTRYHP0HLQYTHX86V9YYNH4M2EAL6T43YE21UYGTCPTOL6BAW66QQ8564AQIQ363JN5DMKYSVF8B391 D3862GXYF58D79TL24MGIRY9QGV19JM25T4NUVJUB99VUNCYLSTH6R7B0P3TF9FIJGL4A4C1M77A2GBPR0VADLP5DK6AYN6', 'MYDVW8AJGPTKRL80W E4Y5KFWU4MRW6P 8IDQCHLQJ1CP00C 1EM556 JT457J0HHJ7FEEC2BFWF0FLNHFNMX1BGOC349J9QPD7WKQ5IYFOAKBWPKV5FQMQ0850V6DQ9FPRGIQ0PK11505MFKOB0QS 04I9HVK26I5FI6R N7C1YKIG3YOY9OGN7IALWXMYX1P9A793R3V7K4WY9C6AR0L3KPT9RK6W572ORTO6MNSFI7XMPK3WVU4OC5 SKMSBSEBGR J04CQ 428TKKSUSW3N2G68HO4J545VS8BBIWVLKKFT7E8KGLJ3MED LXTUO3RJ7TLN75XDP79VAEVWM H43X2VN7MC84VI5MYIY46UA7E1SWQ2QR3NU2749183W7S8H60CTYBYQCLBWJCQ5DFJK3EBTJE30IBKXQDF2YQ B4NN40R XRPK7DOKELY68BQRW3R0CM7P2PCV97L8WO2E0HN8YMP4I4XHPTV6HJ59TWJNE6YEPFSMH4G87SIM0', 'EGBHH11PCLEYYOP3XY6BG8IY3H66NC4O8P63C0P3HAL1AY2DYNVYKDR8HP38TSP 0OEORUB1K55AIHE6W4FAQ1MARAFAXLM0RECMUCOJUPUK494OGNC2WKARBIP7QR41RCN2EFDWPYUO69FCF JUOCVLM5SJNBHQELGYXX0ORHR2DJIYTGAYDRDYAIXQPAR 8PA0GT1PQCJ065GKPXBIWAPD6GVXOR0Y T0PT1U4F6LML77GGRRDVEQK6EP3XT64II CDLOBY4QQDRN9GU57IK5MG7W HM27T1YX9HS HV5YU1LUCNEHQCMT8DE31CF9511D6R83CMHP07QDV3VE3BPTYUHQ 6XKSSR8HI V14Q6MFOAYRA0U3UH84XY9C3P913YAU0W8NBCY1WBNMT2T8D RATOK4FJ72EP9X2XQ03Y08TG8816JHLSFVPI8S89FRFFRXW3JJAKGES00QVO8HNMB JV7OU8VECWS25SQ3IGKT1JLQPOQYNHLAN 45F8', 'P J4DW9NUIBQI1PQTTHY LAC 61FSN J', 8, 4, 'GPGQ4U0VKUGM2HPYTK5 G89049BUBXMTBX YIFSLYA7WPSBOH072YLA502E5WC7Q1ASDI 7QEYD1MO433FM7XH NN56JQFCE4MMX9C20SEDWHBTF8FUDUQ4FGFB8EU6P6ALIKC3K4R44MX 6L5O8U5ER28W90EQT06APVUXPMPV43R262AE9PND29JEGESX5JRNVBR43OEA3H4IHM ORV5J6YSQE3VMGVY15O12MQMI06BLGG KSGMB49X5G6GKP');

insert into MEDIA (ID, URL, NAME, PLAYER, WIDTH, HEIGHT, AUTO_NAME) values ('FGM5BLQ1SR34L6UKJRKPETAR4 R3R7RW3CB4K25IKOCVDMU8C7N1XBPXRIGK4NKUY4VLS0P1WTT5XTFR3DUBPPN2Q6871O1JLB4FOQN1M6TE69DS 04S7STCUS2APTWUQW9AIL5DL9 TPEICBEXKKHU63LB 3JWWAGVL8192V6FFRSHOKB2EIP79NGR4PFO2C1 KHFYGPHN 70VAD5PXJCDJTOMFU1P12907HA36GAH3NL41KRJKPGNC05GCB GR', 'I9UC1G OJF7564OU4HRS03PE5RSNV9899QALL9DBIHGFMYGADEYB3A1WKQKIAVH1CPP3 365LAGU 0GLHE3B0OX9K5MW6ARDS8E6CS661BWBR80Y2RPHOLL7G9FLAICMWT21F7 O7M L MEW 8NERF4KRTW80IHD1GTKQ966QPB4F7R5659EIMJM36A6FD9JST5HCV8K9QV8G26QTD8KVLRU969N96QBUX A10IYQ90049M 68PRFSMY77 LW T42HO98MBR5GL86X HQP7PGRV126WQD CRIMWG0RTNP SLY71515OTU13E4JYLEB27B2UQ2H4KR37GGBI5VLEC55WNQ9GGA6MRV21OUV8TSIW1EGYV6I79KRPPJV4G1TK1MCEQC00WHI9B4UX30Y6E0FWP9E3DDICV99C1B2CMMW50KTUSLGXB0UQ4RFWXKIDGKLKL28W370SPFM AB5EDPQCO40GIL6V6IPA4MOBOCPTO NL3PMXP RVEKU5B4U2R', 'PYQN1JBLN3VQBVNXNDB5HPJOOXTUAL175TKYTNVIOHT9B P92CWRPG9S0K57NFPFOX8X4P4QGO6RUL5YSW1 72JOCIALR3BHURJFK0CRPP8LT5TQ1QQ4ED5HGG5EX3O6FDN3H ODD2O1T5GK47D5G9OMCP4O1WHMBA7ETY7NGUK344ROI1SY4MMS530CO4C9JM7J4EVW8MFILMANUN63VFF 6Y 329TPDX3HQQKS3I4VS9IAWW6 RNEHW7ND2 C 4DN1JH27I5YJWNTON5SSK9SSW80D7V7ABN4R462B7QNLUFI86EGGNBQRY I6QNO5OX5YPB5L1YB03ARKS31O4WAH XWKG0XE1YSS6JUT03GGU OOT8S0P3ED34G3VNY3D0G54FI 8V0DX79QXCBQP0W3H1S56CRMUW1POMIF3NB1URGBRIPX7ULMKTXW6W8LQXSXQT0R 93HQG159BEFWS54W0C7C43 JYD2TQ6SL0IJE5SBGVBW31566RUTTW1 ', '67YPHN4 K023A98BG4WN6MJTATSHFOY3', 1, 9, '8A8JDM6HIJ N2PIRWKJ57007EJCRGFF72REPHIO5S NKTND9GIGGJCT3RMH9FNQHXY46QQRELAS2OK77Q5N3INUNYR0P52 EJXE9JDG90858MWX2KBSAV143N2WJEMK2RBM YHR2D9T 85CLVE XYMMUP7F1LCPWM9K6P7JE48CYRR8VSBPTUH4N7BDBU7NMCFHJ3PM4UMNN2C66LIVF8UDJ95T5TAH592XF75PGAD38RES6OYT2FV2U9WC6YO5Q');

insert into MEDIA (ID, URL, NAME, PLAYER, WIDTH, HEIGHT, AUTO_NAME) values ('VATA62H4O9A298M01JIERY97UCB4PW8H8SKC59SI1KQ1WJPKWG4G4YCW45LQ7GBRVXXQLHMREXYY47IEG 7FUHYLQ130MCUCMHXLGAHOQKHG3Y6G22YUMN2NS21KIBUCGP2T8AQ88A71MIOYDB3YVLJRHR2P03A5JE5244RS6DHY8O E0QMWLF3U957LYJ1D6WFT1HQW3O1919UKYX1HHFG5NWX5SFWYU1MBG3SHKK1PW32J627CWQ57B314OMJ3', '8I15OO41CEA079T4H2D7CQ9KE2QDDW07 GU JHR3M0ONPTOHH5TLWEFR6EBECSPR6F2Q7FK3R0U6QT4LQ3XCHM4UL0J MX20GYI9ASSIJE129O04DNOQL64 FPBGHUVRI2D73 M5VOXKUX32R4HSA0YJOS2WS U59A80LD21TXMMP31PDA4BE17AI1J85YLLSO4VDF5JKPM2SPFJSIT C5958TX4RBOP9WHTPJP9I5SGMDQEVO738CGE91V0JNHI323LH8J57XF4EQBDI6BVSM1M83C6 MD8SU8SC2BCC6A70FHVU K8F14MWXRLBVKD1FIQGINCQNFMY4GK5ITY7NRI70Y3D58RNLYIR81VEKD1GK9CSSAHUJXN8D48O4EGNK22RSV0IP3YAH HDDN5PUGR6KWEDM2U66M2OUH0DEVL NIHMAY1TR5QHMBQ9D3KKQYYD33HFFH0NWN4E5O WFMVO6T4V98K84Q1D7TBC720515GS2NL94INGCABA361', 'VEV5221QOV3SAOA7JUPQTV1J9RO8D4O3H5QYBNI 78TLJY4EVG84OJ8B56KOFNH1BPW438GB8315WXOTYD131F1V2RI85HUYH M HNMO1WJCTKDPGVKCUTNTAQ1Q8M337KMQASNC0PGYDVFH6QQGQ462CX R40F4WH08 K4XP1FGBU0X59VQYRNUUNNQVRYX3B99OUH8W1E50K62GCOBH5YNLQQU7XQPJ5BA3N5EF9T3I3Y9FA91VRY7KLB0JLNV2NILPXDTBXE4LM62H26MD4DMV5X UWK8Q K8JPB7RNFVJ8ND82CGXSV5RTGAV17QPUM1D15H4OHQE52CGA3T29XFOK78Y78QBI7MK0SYWQLXVK1G187P073D6YYV3N7S3OAF6R73R46FAQ2E2XSWM7N40 S3YLLSNP7MWE5RHM2 MYK6RXF0HYV5288JVCQVSER524E02LI3IIU3JC3CP5 6ET9LS8WHH42RR4K9NV54AR5QWS416G088C7JCMBA', 'VI TRN0VI7XL6F 0G4OSFDYJFFI823IW', 9, 7, '8VKRXKD5LD3VPBYXQJ5 DUEOVQMTSG8EAVLUOG2JTN8DJF1N8QVJ9DT022YQC9IK2GNVMJVVH201QSA3LBN 9LE8BM71BECK2EGWXKLYE6VQ0KEICXX8SCWC4A2Y6KU8W45PFE TO5P2O0 F5OLY1F0H3EMI3I1RDHAXJXNTHMRHRCHMX8WOQSB70XBIY WKDYUXD05M5RR6XVA5NSGNCBB8SB1K5T7D2H5UQNX38BQ4FWQEI3EX0YDNIK41WUR6');

insert into MEDIA (ID, URL, NAME, PLAYER, WIDTH, HEIGHT, AUTO_NAME) values ('58SLJNYNDY1Y727OXREXTNPS6FTXE0JBVEDG4X6VH8YD42ULJ7BEVGH082XWDIDCX BIORAUYD63D0F7I41RFHT6NSE1Q3HAE0V3D 2K3WH2GWAQIR1SE1V STR87Q4FKXQC F4C9T11EPPLDX8 GJSA2XU18FJFTU19 02P1OFGYHUM3XYPUDJD7HYVU8T5PBAHFNCI4KMOIAQSRLW1H 3NYBSWT70SYGEK5BBWG31P56EGPB7V1V9W9SF3HH2T', 'TP ATYOOWM56V MV P7CX2AVPTXSBSIH3E7IJ2MY04PY MMYAA0EJJBLERFSE9QN0PAB0EHXTM3F9ULO9H5RDVW7RWUEMG7MMKI3ES1JIN3K3OV6JK45GE9C3INGRDAQ7IMYI1X4J8V3K3QYYBT5DJIXWEQI8 6K5LOUQ3P6GX0HG4CSH2J2EOM5SUD13DY10D7H8UUL TI35TROAM10H9KHLQ951LODI 4DRAQH IQWOA YMEEU8Q6P9GHUIRAYH2RSQEN9J5JTRNU8Y969WN5WXWKTI0LK0SUR86SLSF2GR17DVOAPCJ4BSIEMQJB88UI6YP7H3K 7QNPK6M3F5XOMCABJIH68HHBLC2Y4YBA9APY8QLBDJG9P5Q1OW4N6AH6HFCW31WELUGH3MM3EEP7PWWPVIQ9XA3H VPU6665 B5O739128ET3KBTSPKCMA7Y22CKIAHSYD5WSJL2O878L44CTF 6P85TH1FNEJNYTCQBGHAKG9UJ9TYM7BAXV', 'VRP LN64HW14W2MXKFC2EP LV0UAUV0B8QP4WYNJ1KM0YU9SEXW2HMQTWHAN7G0UY1FAOECRVDRFQI1SDJEJA23TY1561S8EO3NCK9H9S9RU5KTJO0TR9VSPVDD6MCFT4YKXUWAUNT9FTGB3NLLQJXEXMTCSUNC866THHRRJJ1C7XQ8OR5ICV4F4D6VVA8M2WTE727WPOKIYF 5TM S5QECCFT356PQXIHP3WRLYFHOAURID1 1J6RFT8MO1DN4UECLYUVK7CG3HDOPEYJBO 7X3E KREO5022ACI2KN4NIPXG1AHN1JIQ 0OV7EII0 7UFK5W5RLR0V PPPVP1UVGOO0RFPITWJNE1QM U9R35NR6SMKRK3SGWGHNE9XCVSE0LTGV17RDUJ1MB83C9KKUK2B2SGWUV3MIXFW92VYXDRCT627I8DBTFEW4MF93R2K6B2SS3WSKJDTJ7WTUWCNK4RTEC2IYBPQWEYM7B5VOH69O5SXH44 9AMQ1T4P985', '41G84DQ86R6LE6BWS9UJHVU1 D7Y9JX6', 3, 1, 'NK M1RBGDJ92AS00VD4DFPUSF581YW79J7J0DCL6D76K3W7W5GKJ1KW8 5HKSV37CYDIGFX19MTY5OCA1M0UWMPXO4DAHQWTQXIEQ4D14MWBDJDLCQ4HQV8087UPTE08LRBP7GWJAMIKD 2N 70EYIF J0748WPV JLCLKE36H8CEH8H3Y5BKL4KLQ7KR85E20KV9MOMFO 4BLFEXDIS9C3RM3YW6GHT7CTR9SF9R623QVA1XHD2EYYWXA0PUMNC');

insert into MEDIA (ID, URL, NAME, PLAYER, WIDTH, HEIGHT, AUTO_NAME) values ('EWPRI A90GHFKAP7CYDVOJS7AVD6X6RY3TW4LOF9 A4G4TFXB0CHCHAU9YKOSHV87X5I6GUWRTM7UVASDFGYMABHM1BWGL2Y3H0IMEJESR VEQW7EQGAOLCYYNBXXPVP87EJYMFBRGME4NPXIWJ9E PG SQLV4RCAFPSWAAGINDK0U6 WJ6GC4PFL22KK4311YO8SJVXYPGWQNMMYQF9NPGMUKAA1157H5GKOLS29HKPKG9E84LQ7H32YWQXW83J', '9SMRF8MJ73QN6B42LGC9S2QB0YEWOXP4NLB6K0YVQRICHBBPSTIS NPE7UUPEBIPTICVG2YMP47KI4VU1LQJNF8D3TJ55V78D0GPPQV9W42R88M4II R991BHOFK63MH14UANDWL6BS564BJIVNIY0QPDOX3CHGKPD537D2NNRFPNCNDKHJMHKT8WNSL9LCXHVDB 6CSI2H9IF54AOVNAXPVDY7R40S8J7XYA9NO5AVBA0CNGDA1G0RV9HS0UB8F8INS 2P534UA9OK01XSWRV7T4MJNX60R5HQEO58F1R5A825M4AU8LI5HSCVNL8DRWBV2L2T TVW6QW94YY8R00O144LTO7G7DR2 MDYKFQLP W H X9YQHQU9YXRPUB7J2R BO27246BRREXRPK4406KEDJSTVW4K0USVOG60BY9LBCX1D6D8TR6YHE3U34LQ KV40C4R5PLMDOAOILJQ15VHV K9BPKJSLGMDUWX1J3NQ43P9O8YXY7ON5Y7GC9', 'R1A5L8PR16QS53M3Q28488CRJO92QX2XEKGGJN856G8JKN5GMTVJ4PQA8JC5YUCSLWSFW7R3EIDNBB7S2F4DY1QK C6GHYFTE1KGUT JYUW1S23AR5JCNKK85D6R49OC4IHP5ALTAF1E4W5FISY1VNA66D8R9S8Y3CO3AJ5FWVBA0SHYANPQVQ MRONSXJALX4MCCH49K8QXUV5W9KILM8I2O640WMSEAY9Y33VG44PGQ66MPXIGPMR9U7QFJ5QU3HX6 CPCNQ1NBVFO2M7 CFE8FQ0RV8XOCWB31ASOAPW603OYX3JOG64CO5TIM13W7VLJ1X8EF9XFT0MN2BUQLGG6 GI03TXU1OA4CE0RJ45LFUW6ETU50TVN 6SBCQX3C1D90R2AAM O5V A0LRQJXPWEBTA03MHRA64Q76THI9E0CAY4732QF8E3H3KE6B739GPVW2F467BMK4I3STHR1LV4RKMIBBNAAEPF1EHAFHPBWRHIXB4HGXCPTLLYVSJ', 'IGMI4C 9ATK8S5KEKGUVQ5A5RN9N7NGI', 0, 3, 'WAE69B8H3G9AUX7AOSHA M9K13BFTWLIS4Q2KFL0JKQIJDJAVBX9PNHMJU98SE35QOM86EYTA20BBWLIGN9NUC07BBK34AWCN9C6RJM8Q223E6IPGVGWD 2R9WEQUTNGPQI7L7USF59XMXEU2NT7YXV KHCPL6U55J7FOQPD2IERGX79N44JULIVFHEAQOXDGKURKKA2HUNB2XUJR0IO0EYPCVYL7L9C7ABSL5ICPCM19S3I0IL62S31V3RHPA2J');

insert into SYS_USER (ID, USER, NAME, PASSWD, ROLE_ID, TEL, CONTACT) values ('AQ0JMJJRHDBMLXEJPAK1WF0X2N70YV39CL532QG58Q IXCKWNSSH93RYEOQONX0BF36UGPEBX DJP 6GVFY0JSG667S85DJ3P2RXIDU2LGWTOWHIF7D1NTEUV7UMV4A07MS2GG 63R331TGJACGI09L9TXIAOSKGV69GWELG8OKKBAO EFSYF OSATH7UU9YKGCURI5QQF70IOEBJB5B2NYQEOPX3HYX1EDIJSSW6DYP 1K1F3E7KPCK7K8HFQW', 'SOLUC3 MM82YULUNYE6NMRJBOK5E4 HL', 'JERTLLTL6EEV0D4LQDMXTWUMXBLEQ9IC', 'I 8V2P0V7B62T2PEV DW3U0MPGPOYQQC', 7, 'GE4NDFU3J04U9I0114 GKE5XYKWWT5FL', 'S 9IQA93O66QTHKPPNIRPKXAS3CXPQBUEV2FSWWHN75HO2MCOWTVUVPLRT8AU7JF7K37F5BCIKAD5T7ELSP RC8P933H68R4JB5TYFMOJNLPJ0QRX8M 2GIS3N46UKVFYRC2B5TS5FGKVXKP9OGJ2LI8BPXUO3OA349H3RS6XDMTQWXOC4F2O82R20HS4LVSS7WDLRBQNID4HC0H438UGVYANT80B 2C2AMWNM5J6E8W0LV7LO SN2U5LYXC16RP');

insert into SYS_USER (ID, USER, NAME, PASSWD, ROLE_ID, TEL, CONTACT) values (' YATBY3AW280GJBQQO5LNXBHNQUAHED0MVNAJA02NV0MOB54XT7 BKJMHT491V TH9AL34W83VY96 1L9A6WBA4OI9ANT5VJ5JCPEI IBCLJFI6PDEBWBDM8BQK7YY71A 6OCV5C9ET8CALNWE6NJECJETEP7DVUKSGTG16R23N9F64AKGJYPGHGD1K7SYK4Q13JO9KISEJONDA34LHV3 VJTT1THLRPJRCDL7LXL45RLII9ASDIHT9 FF6WMOP', 'VJ3EXCQFWG  9FGOK6478QH7JF4NT1XC', 'S67EJK CUMT20WX 7HQAXRAN4VEA4843', 'DJ72FFWGCIQO0OC1N4JJ L GO4GU80SM', 0, 'HA EGL7 RSB2X7DOAA43HF IXIAK3DDA', 'IXU KCDFPHYO115K23JWHYCHHFSO7GIIE519WY6IN9MB3EMR MKETN7W9IJF0AD02GSESF8T91I1WJQ1UVVS7LLRNPOUJ6P5MRM69UB4KYBXJIN2UIOQ2 9XCG4CMO69BHG2 F7EQQ6SOCGTARJMFYYL1Q86VBAXLMLFBBJ 4KN9S46KQCJNYRA5N1QBIPJ21PRB9SWF7AOQU QSSL3SYNPEAESMDI9TDQ2KI3PNN4LEL2WDB90RGVNA6E L0CQN');

insert into SYS_USER (ID, USER, NAME, PASSWD, ROLE_ID, TEL, CONTACT) values ('3QUQ39XC1L3EWBMVMWXV7881NU3KW0VGG450J8WOL1YKME5DLQRWE6WI2SY2G0DSJLDASOY7V3A4M XNCP OPQVNE 2UBKPCUY6V18FDV2KWSR98ON6OWSNBG8BBH2VGG52FM3YDA87 5XRD ITOXT52QBK90H6B74HU2 N6FVGOU5H4F9BRWTLAD2LL5BEUGTUB15 J7DKO8RYBPU 70AR46C0NBKRSB8BDCDW0A4NVRJ0K9A1OOAOIK2F 3US', 'K8S17S01BKDF2RYLUXJ5ATX4K7 29SHH', '0Q2HWL4NH92H4WRUMPY54Q5483YTX EH', '8GFRTVBFA  F21S8M381CTWHRHC FYDK', 1, 'D8SI4NGP4IW4IUK1X7G7K M6YN7NEAAL', 'HA3UCIBQ8 78CJEC8OJ52RH5O38NMX4AGIQLRD25Y5N 6LV4PRB84NDIC5XV0YISG C E23MXKH4QHVB0VE5LWH8VQU8P8VEUWP1JXH3FMQ0BISWLY9Q1YUH4H7DVI4P6YYI3F8VUBRQXX 31HQNS6EM2MJTAL1K3DOYP 8IT2C573PD3F4DR4 EXYVTGDB5GWTOL3BU3YQXGD5JNB23I7EQ0QMDGOLU7USTP86YJIHGL5BNU7OTA0AXRRKD3GDD');

insert into SYS_USER (ID, USER, NAME, PASSWD, ROLE_ID, TEL, CONTACT) values ('NJE4O  OXYHPH4R 96MK2HDX6O5AF66IOHDCC2S1D5XM 3BHL5YMJ4ODL9JY4G8AY99WOW749FYA5MKPIKD3KGUD1Q8PFX4 CJ6P9X4E820E0TG2QH0VVI1NK68S3UJQHO9K RYVQYOMWYEJSK1OHH C1CN72JP6QQQ604QU0NJHFHFE 6N5PPV 2LI1KGDCBCR3S0W32E4FHX FEB4V5OII1 Y55BSN7WMV1EIPP24U834OWON9N16B583DMXR', '2JQWYCE2CFTNJBLUQXX8NO6IJTC684KT', '977KBYNFEJPSGGR0UNNN5WJWX8PVRVPQ', 'M5U8FMRM BJTMF9L8STCIT0D54VRQ8V4', 4, 'IBH22VEPGOPN5SC269BX60RX6RIVGM4Q', 'J1C9K0FA7SM AV81TPFC028IVEXETN1PPSPPGYLHCFKIQYQB W878 O92IDTO8 471GK8O3JBK5TWYLFVGCT4D1CCIUSH7E5L5L3EUBOMULFCBJI6KJ8KWK3TCUAKKGMP4JB72FEYIJPBN53QXVE48I7OG722G6OED31G4MJ6A1ROJWVJSW0W3XLEV4LMWINTYHUOOY69FIH K8WSWJIS8UIK5B5O3C85ED21JEOCRULGDGIRM369F6FUATU75FF');

insert into SYS_USER (ID, USER, NAME, PASSWD, ROLE_ID, TEL, CONTACT) values ('X5BLWRL4BH56 4TGQ3JKPDLP5DN5E38NFPA J9YUURV 0X51IHW7HQAH5FABWWCAR545Y40AON190MCKD7DWRGACYUTUCQM41KRFB5GML46R IP43991NIVRG KY8IF2NWT8NH6JRUGAS6TGSGI247EN4UH0VGEJIRL0XK59SBMM9GAS2APF31JJPD8BI29LVLY8Y3JINR8N2JYWU43KCW FE748B5YQENKDJ0PKS8B9USU0K2M1LWNUUQ35DPI', '77UF3GVU2YWA 82MWEOKBGVOW5ORPI4 ', '9PGJLHGHMS3262H0E 39WS KIK0LFOSR', 'W1D5OS3JY3UOISEIK8NRWHUMPMH6KY44', 6, 'G4H2Q3TXA6FWDRTNOUV14C2UOX2UKLG8', 'SRRVDGRPRKAJXOR8XQC2GHR66X2JXAFEBO373BW5YQJKW5A0XNFX799TL6YU5PXOF88QDWF8JOMOLJ2YJ8VFXMEO9PS6XPF3 5EY06XGB90QSM1JPXNWRGMEKO7QVJAO KB5F YL70N9 72FIP4IHPGX UBIAIUTM9 CQCVPAUTNB3VO8227IB7E8FMA6 967GWEO7Y4TC63L74JA0MPXC5B390J4CNM9 YXPKHF6HVH9DDK63FJHRGGJLTNG02D');

insert into SYS_USER (ID, USER, NAME, PASSWD, ROLE_ID, TEL, CONTACT) values ('07WL BL3A LQB3Y3000UCGEMW08QJM560Q4 LVEC0FEVS8 Y8BM 4H426DNBSX1BUWX9UN79LS1UNL6XK4DWX3 DTORSG3BH71MNB24SF2QDXF2MEFH5EL92I86P0T6B7SC0OEK0HPDWMUGSPM Y99GTHM6A1N2QLC0VLV577KPGTXGDYJO357DIFWWF45RON5BETJVSMU8RLMIE5F45TJ42MJ9PUO9B26PG2FXC88A83R86TVP8161PVDYAVJV', 'F1 CS2RLA209X9GWOQ2IHX3OS7EUQXFA', 'BGKFQHPCS9LJPUX7FDGPEJEL0F6EWTUD', 'WORE20MLFXB4LH94CDYT59GF0NJFFSC2', 2, 'XUO595EK6D3WCH2X8SN5VT89MU60SFSU', 'E4FATIIKYXEJEK3MOFFYJN5URBQP2FEYFQ0PS23PUPNQTQOTNM10749S RVLK1H2A7T30D5AQI0EWVEK5T2L59NVOWS 6D2S4HA7HKI3MI5KQ FJBOPBR841H4EBV RH6YFKWTX3OD8224VQJGKL18CE3E1T4E5OVNHHNA2MADTI9EQEAWOLOGYFH9HI78NCS260P9F8WAUCDWW098GA06FTPPU7 3NLP7O0R JU7DNP4R8G9ARG1N7L BPF PEW');

insert into SYS_USER (ID, USER, NAME, PASSWD, ROLE_ID, TEL, CONTACT) values (' 7QGH5GTK5RWUI4L22XL7L SPIOE1V085WKMNUGCDWXXA ETMH0NHBRAIE3VGL66GIUYS 4KSOK1XS5GJ71M926SRWQERP2VNY34BH4U040MR4U9OW6 APUP8 1SQ1MROM9GD7 TEDVVFBWC2Q50077VV2YLUDPJNIQ4Q45EG7AT9OM1VH0RIGOBQ5P8AJ18T392S6YRVVR57K6 FC71LHKE2Q1UTEA4KE11ODODG36GVBP476NHNA4PAW1DXU1', 'XVWM7NU7FQKQ0NAH07COHCAAWXRSJW7X', 'IN4MUU3A6BFTLGFRUKT0VS77 7D1A4F1', '9JP5BI3VAH7I2H7F09VD038U7U92  6C', 9, 'R39UGYP3X78HVQ CSKNOJDRTDOIKPHGO', 'GPI63QQK G KU7ER8ESMD7K2P61JDP204MLVPVAU7Y2OKE1CBG73C6SREY7Q0URXVLBB7PED0PGKYLPUTT3 WX KSQYVEVFX4SDJXN46M53KB2S74GU5OV6LPAJNOJ MDW 9R5GHJ9EQN4ONWTD9XFCA6RHLOQ7VA6O2BLBVAI6XM2MNUWXRK3AACXTXV8TSODG9WII6NVLUHAR0W76V7CTMK3XPCYFSKRN CEQJI AW775S3T8L3PLIA2MRWTJL');

insert into SYS_USER (ID, USER, NAME, PASSWD, ROLE_ID, TEL, CONTACT) values ('RH0NI3QH159T1KE8NW9LHQWE5Y77HNUQ B 2RHBGR56G087N18GR7LEGXSRIQTARWVXPVU7IUP859G8S2858LKX7GM77CU8EY90BOWKMYABHGG0DRY9IFRKIIIQ2FRNTULX6T1HHWHVD1613HP7J6SJ33N08RCL4HAVUP97VW1W595WGSW0K620LJCB81Y6C5TLDJAXCCWVJ3L6XM35DHK7LE3E0LNICDTD69DVF05TQDEIV42O2  FJJJJYN4Q', 'GJ8LT9AFKXS735FUJ9K SGC6OB16KHIT', 'GHOS8YNGSBOQI1RK4C4GOO3CS9OGV1I2', '66TX8YLA0FQJ5755L HHFF0M7WTW37O1', 8, ' 2XEQF9CH5P7HBGME47PVX4FF45HO T3', '3533ATMAYU99E6RBOAKP3Q5I564NYRK7JY AXBN653W0BQH90S2SR1 FYB2UNQVUC V14JB3HW2UVB3GNW16B8HDNVGFORN35PSJG2XCIV COHA5AV60N XQCSQEHV2SQ15U3MPFVAAWXRNRQEM68YI6AJRG346  GQQVVT5FT0KIQN3 OWEAVCMW4R59NW400TTCKBL6SM900R49JW3MGGBR3DQBK4U170FMG649YYOL987TAYKQJPSKHOAC0M4');

insert into SYS_USER (ID, USER, NAME, PASSWD, ROLE_ID, TEL, CONTACT) values ('YY4 3MLCIV AAM3LIRO66BKXT5JLS5R0W0QTC6JNY8SF48U239 QOWD1NL0WOUJKTVQOL9I4YO5UOCJONM6 VX 59N2D895M69F1VYI5M1POOVL656N2JEPMQ91FFQXGI28RN3442FCLBH9DJHWQU3GW1QA0MBUD2IRCTEMH6A2V7O91KDL6CKVE4LGLMVIP63SRLAYOTA18BP42Y1L6037LQP98M39UXL6KOYO8RGKY2NYBAUU 8VC1L5LG9E1', 'H0KR5FPRGQTG548CJASO0NKQ7GBYD8WN', '3W G2ESOOCMLTB  B0TCP3L8 AXJ89X0', 'IAOUAQUP7PGFB94BEFBNCW8SB03Y3JHL', 5, 'QIRV6IGBX5TF916SCY39BFNAGIKIOC1Q', 'G4CPJC8DYOAA55BX5PUUSWYR8X4O 615SC9LL2AASRAB5D54W7OQKDXDSHMJKCYIT1LTWG13BO0TSPQ TO1UIU9XGVEA5PVYBUMT8F09DAYKWV0YVKUIS7H2J964CK6JDY0W1VRJU206YOUQ5THY4E0QMD01H95O35S4GQM1U0G 30 BVWP2YE92AGFRI31 VMG961Y2LM074O10IWPLE6FLEABU2IWD66V ORY8IXRPGLNCKB205SP2Y7 NFVR1');

insert into SYS_USER (ID, USER, NAME, PASSWD, ROLE_ID, TEL, CONTACT) values ('4F31T5G2NN 6V8AIP4KJGSQU9CCJBI G1NXK2IJYI3GGB3996V3XYVD UIYBGSUR GP4FNS DIN858WAPUSHB28LDH 91YRVILCALVJAWCPFSNGBAA4U0EK9INMWO7BD3S1PQUWRQT046USSYCYQY9E4W7EXM7UIBN98JQTXK67NSLOQS2E3MHI29C57L F5QNPV91YY2I7DM6MWVDU00AILA2YPU 0UY6HTOOTP1UAU78XMD5XPPAPVTE5K728', '44C0X92HH6SGAED4XPX70QM36FN8MA9 ', 'WBQIJXM5SD8G6UKOYQ558O1WO6 L7DMV', 'NCG1NNJPPVOA1C4IHP5EJP847WI3J46H', 3, 'EP63L5KCGR8C1TU214H  XLVBJQ7AX8H', 'M6DN YRF5K788P76SASNMA6H2068INKI1FKGUQCU8LB98Y5M2D8JVRT704YHXA5HDCNCM4NYMOD4UBQ3FR7KMCHT9FW3YB72QU11CCJHC04S5T4A15YA75Y7FCXIF9EKECP4QIQGK8O6WJG6AP16OE J8WCYYPAKRTXT5UW6MNMVGJP M6IFPB48MJYFR7B FTF8KKL81 V9WXR8QVSYM4W1OBWQOGT05CD9NY9HGJTKVUHSGLPKE3Q LTPGA231');

